time,request_id,responders,forces,winner
1236,0,"2,3,4,6,7,10,17,20,24","0.9451,0.9107,0.9429,0.9451,0.9107,0.9451,0.9757,0.9429,0.9429",17
3681,1,"0,4,8,12,13,20,26,27","0.8490,0.8490,0.8490,0.8490,0.8358,0.8490,0.8181,0.8041",0
4360,2,"1,5,9,11,18,20,26,27","0.8495,0.8495,0.8495,0.8819,0.8717,0.8384,0.8717,0.8819",11
4558,3,"1,3,16,17,18,19,21","0.9149,0.9578,0.9003,0.9032,0.9442,0.9578,0.9149",3
5767,4,"4,8,12,13,14,22,27,28","0.9100,0.9100,0.9100,0.9382,0.9703,0.9703,0.9328,0.9100",14
6173,5,"0,3,7,8,12,13,18,20","0.8888,0.8314,0.9705,0.9105,0.9105,0.9257,0.9563,0.9105",7
7330,6,"2,4,11,12,15,18,19,21,22,27","0.9418,0.9051,0.9582,0.9051,0.9798,0.9418,0.9798,0.9128,0.9418,0.9798",15
7419,7,"1,10,18,24,26","0.9596,0.9307,0.9307,0.9286,0.9307",1
9335,8,"0,6,15,19,21,25","0.7981,0.8478,0.8608,0.8734,0.8278,0.8278",19
9387,9,"1,5,10,14,17,20,23,24,26,28","0.9640,0.9691,0.9392,0.9109,0.9592,0.9371,0.9056,0.9371,0.9392,0.9371",5
10772,10,"2,3,6,17,24,28,29","0.7083,0.6689,0.7083,0.7007,0.7282,0.7282,0.7176",24
10922,11,"0,7,13,25,27,29","0.7910,0.8441,0.8207,0.8207,0.8647,0.8207",27
11904,12,"2,5,6,14,17,21,28,29","0.9614,0.6515,0.9614,0.9337,0.9191,0.9303,0.9099,0.9303",2
11974,13,"1,3,8,11,20,21","0.9180,0.9289,0.9048,0.9489,0.9048,0.9247",11
12463,14,"4,14,16,17,18,21,22,23,27","0.9026,0.9105,0.9026,0.8983,0.9389,0.9101,0.9389,0.9764,0.9584",23
12906,15,"3,7,11,12,13,14,17","0.8727,0.8925,0.8819,0.9565,0.9549,0.8977,0.9445",12
12978,16,"9,25,28","0.9097,0.9097,0.8954",9
13218,17,"3,8,10,11,20,21,25","0.8767,0.9286,0.9307,0.8859,0.9286,0.9596,0.9596",21
13677,18,"19,22,29","0.9455,0.9532,0.9229",22
14535,19,"5,6,11,21,24,26","0.9102,0.9349,0.8898,0.9589,0.9069,0.9349",21
15143,21,"1,2,8,10,12,13,14,16,20","0.9180,0.9453,0.9048,0.9552,0.8982,0.9247,0.9273,0.9048,0.9048",10
15172,20,"3,9,12,22,23","0.8243,0.8526,0.8006,0.8458,0.8244",9
15502,23,"5,16,22,25","0.7621,0.8155,0.8458,0.8207",22
15535,22,"3,4,13,24,28","0.9137,0.9369,0.9689,0.8769,0.9369",13
15627,24,"6,7,15,17,18,20,25,28","0.7700,0.7499,0.7480,0.7681,0.7700,0.7991,0.7835,0.7991",20
15976,25,"1,8,13,14,17,25","0.8182,0.8225,0.8623,0.8170,0.8135,0.8278",13
15989,26,"1,3,6,15,16,17,25,27,28","0.8406,0.8595,0.8717,0.8695,0.8384,0.8358,0.8495,0.8609,0.8384",6
16371,27,"3,14,15,23,24,25","0.9264,0.9566,0.9338,0.9063,0.8600,0.9500",14
16964,28,"0,3,4,9,12,15,18,19,23,26,27,28,29","0.7016,0.6689,0.7282,0.6703,0.7066,0.6871,0.7083,0.6751,0.6596,0.7083,0.6786,0.7282,0.7176",4
16983,29,"0,1,3,5,12,18,26,27,28","0.9162,0.9638,0.9137,0.9150,0.9413,0.9701,0.9701,0.9131,0.9369",18
17292,30,"0,5,8,15,22,23,25","0.8807,0.8542,0.9026,0.9669,0.9346,0.9394,0.9101",15
17354,31,"1,7,17,25","0.9380,0.9399,0.9333,0.9440",25
17964,32,"0,5,7,8,13,14,17,21,26,27","0.9017,0.8988,0.9187,0.9229,0.9466,0.8630,0.9428,0.8704,0.9543,0.8989",26
18191,34,"1,6,12,22,29","0.7054,0.6892,0.7066,0.6686,0.7176",29
18198,33,"9,10,12,14,22,23,24","0.8862,0.7624,0.9415,0.8765,0.8846,0.8664,0.8771",12
18413,35,"1,7,8,10,11,16,28","0.7873,0.8165,0.7890,0.6958,0.8058,0.7890,0.7890",7
18440,36,"0,5,8,11,16,17,18,19,25","0.8911,0.8862,0.9126,0.9262,0.9126,0.9302,0.7348,0.9128,0.8209",17
18722,37,"1,13,14,15,19,27","0.9025,0.8991,0.8757,0.9205,0.9294,0.9329",27
18998,38,"0,2,6,8,10","0.8961,0.9082,0.9136,0.9175,0.8726",8
19072,39,"2,9,14,17","0.9112,0.8975,0.8889,0.8861",2
19400,40,"14,15,21,24","0.8703,0.9392,0.8293,0.8362",15
19676,41,"17,21,24,25","0.9292,0.8704,0.8624,0.9369",25
19829,42,"8,9,14,17,18,19,21","0.9639,0.9434,0.9059,0.9431,0.9186,0.9368,0.8535",8
20070,43,"1,9,22,24,26,27","0.9444,0.8975,0.8959,0.8596,0.9402,0.8809",1
20191,44,"7,9,14,22,24,26,27","0.8938,0.9099,0.8521,0.9082,0.8139,0.8737,0.8928",9
20340,45,"0,5,12,23,26,28","0.8833,0.8569,0.8517,0.9429,0.8993,0.9051",23
20417,47,"0,5,6,14,18,24","0.8862,0.8674,0.9714,0.8909,0.9044,0.8469",6
20447,46,"3,4,7,12,20,27","0.9387,0.8769,0.9240,0.8655,0.8761,0.9218",3
20476,48,"10,12,13,17,19,21","0.8915,0.8427,0.8991,0.9129,0.9294,0.8280",19
20551,49,"4,7,11,12,13,14,17,20,28","0.7584,0.8183,0.8421,0.7669,0.8106,0.7826,0.8198,0.7833,0.8225",11
20800,50,"5,8,9,15,26,28","0.8542,0.9086,0.9266,0.7324,0.8965,0.9026",9
20862,51,"7,8,12,13,14,16,20,22,27","0.8448,0.8430,0.7839,0.8339,0.8071,0.8384,0.7996,0.8592,0.8457",22
20889,52,"4,10,12,13,20,24","0.8706,0.8877,0.8942,0.9568,0.8954,0.8710",13
21212,53,"2,3,8,12,17,21,27","0.8390,0.8641,0.9360,0.8677,0.9424,0.8529,0.8952",17
21270,54,"2,7,13,14,25","0.8689,0.9024,0.8975,0.9119,0.8461",14
21330,55,"3,5,15,16,18,21","0.8219,0.7918,0.8132,0.8384,0.8248,0.7692",16
21423,56,"13,18,20,27","0.7681,0.7692,0.7489,0.7851",27
21453,57,"2,4,7,10,23,26","0.8882,0.8386,0.9262,0.8977,0.9014,0.9017",7
21940,58,"8,13,15,18,19,21,22,23,26","0.9488,0.9295,0.8745,0.9306,0.9060,0.8643,0.8894,0.8846,0.9367",8
22048,59,"15,17,29","0.8861,0.9038,0.8487",17
22349,60,"6,7,13,20","0.7405,0.9104,0.8888,0.8584",7
22470,62,"1,13,18,25,26","0.8191,0.8236,0.8248,0.7954,0.8309",26
22485,61,"12,13,19,21","0.6657,0.6727,0.6623,0.6509",13
22538,63,"2,3,6,20,22,28","0.7759,0.7989,0.7599,0.7761,0.7997,0.8155",28
22666,64,"0,3,11,18,19,20,22","0.7016,0.6528,0.6523,0.6739,0.6623,0.6867,0.6443",0
22682,65,"2,3,6,9,11,16,20","0.9174,0.9404,0.8891,0.9154,0.9398,0.9604,0.8815",16
22762,66,"1,3,9,18,21,23","0.8191,0.7960,0.7801,0.8248,0.8151,0.7809",18
22819,67,"3,7,10,17,21,23,25,29","0.8675,0.8736,0.8540,0.8549,0.9105,0.8446,0.8761,0.9002",21
22990,70,"10,17,27","0.7587,0.7511,0.7626",27
23021,69,"5,19","0.7695,0.8360",19
23031,68,"2,6,10,17,25","0.8690,0.8739,0.8786,0.8942,0.9019",25
23044,71,"6,7,11,14,23,24","0.8556,0.8452,0.8724,0.7348,0.8498,0.9069",24
23137,72,"5,14,17","0.8892,0.7018,0.9174",17
23404,74,"3,4,10","0.8801,0.8135,0.8666",3
23440,73,"1,2,5,9,10","0.8596,0.8824,0.8542,0.9049,0.8920",9
23628,76,"4,20","0.8541,0.8789",20
23700,77,"6,11,12,15,23,26","0.8502,0.8617,0.9090,0.8354,0.8455,0.8502",12
23864,78,"21,23","0.6468,0.8056",23
23891,79,"21,29","0.7360,0.8829",29
24072,80,"4,5,6,7,11,18,19,28","0.8568,0.8923,0.8982,0.8877,0.9167,0.9113,0.8872,0.9204",28
24400,81,"3,4,6,12,17","0.9057,0.8336,0.9093,0.8814,0.8692",6
24421,82,"2,3","0.6298,0.6402",3
24567,83,"5,9,16","0.8624,0.7335,0.9364",16
24671,84,"1,11,26,27,28","0.8650,0.9112,0.8529,0.8743,0.9199",28
24779,85,"2,25,27","0.8420,0.8450,0.8107",25
24903,88,"1,6,9,15,27","0.7439,0.7659,0.7484,0.7526,0.7294",6
24943,87,"10,15,21,22","0.8554,0.8298,0.8506,0.8522",10
24954,86,"5,9,11,14,22","0.7695,0.7728,0.8067,0.7380,0.8084",22
25078,89,"7,9,15,20,21,23,26","0.8693,0.8335,0.8568,0.9024,0.8504,0.8759,0.8744",20
25136,90,"2,4,17,19,21,23","0.8979,0.8464,0.8845,0.9138,0.8149,0.8861",19
25305,91,"5,8,9,12,15,18","0.8326,0.8770,0.8371,0.8034,0.8603,0.8482",8
25322,93,"2,4,5,9","0.8819,0.8336,0.8538,0.8619",2
25329,92,"1,15,18,21,24,28,29","0.7294,0.6917,0.7195,0.6950,0.7344,0.7154,0.5986",24
25367,94,"11,15,26","0.9071,0.8656,0.8553",11
25381,95,"4,21,26","0.7240,0.6924,0.7307",26
25394,97,"7,14","0.8371,0.8058",7
25419,96,"1,9,14,17,18,23,27,28","0.9075,0.8040,0.8202,0.8584,0.8893,0.8113,0.8069,0.8510",1
25423,98,"12,15,16,17,23,29","0.9061,0.8346,0.7490,0.8598,0.8185,0.6862",12
25553,99,"15,18,21","0.7334,0.7710,0.7442",18
25645,100,"4,5,16","0.7748,0.7918,0.8305",16
25824,101,"8,15,21,29","0.6948,0.6917,0.6950,0.6812",21
25945,102,"0,4,5,15","0.6128,0.6619,0.6567,0.6308",4
26192,103,"2,9,14,19,23,27","0.8991,0.8629,0.8548,0.8289,0.8701,0.8681",2
26620,104,"5,7,13,17,23,27,29","0.7918,0.8084,0.7541,0.8007,0.7972,0.7922,0.7490",7
26668,105,"17,19,27","0.8985,0.8531,0.8435",17
26802,106,"5,12,13,16,27,28","0.8942,0.6731,0.8305,0.8980,0.8004,0.8506",16
26912,108,"0,6,9,25,27","0.8208,0.8698,0.8629,0.8435,0.8681",6
26915,107,"11,13,15,19,20,23,25","0.7685,0.7541,0.7709,0.7615,0.7594,0.7549,0.7559",15
26947,109,"10,11,19,22,24,28","0.6768,0.6874,0.6822,0.6851,0.6537,0.7154",28
26981,110,"5,12,29","0.7918,0.6829,0.7490",5
27044,111,"8,11,14,23,24","0.7005,0.6874,0.6584,0.6756,0.6537",8
27186,114,"0,1,12,13,14,19,25","0.7067,0.6958,0.6525,0.6682,0.6584,0.6822,0.6700",0
27225,113,"9,19,27","0.8943,0.9081,0.8743",19
27238,112,"10,11,12,13,14,25","0.7204,0.7310,0.7061,0.7197,0.7075,0.7214",11
27354,115,"2,23","0.8883,0.8765",2
27457,116,"12,14,22","0.8613,0.8169,0.8383",12
27633,117,"17,22,26","0.7585,0.7166,0.7120",17
27797,118,"7,10,16,20","0.8446,0.8214,0.7181,0.8316",7
28059,119,"1,18,21,27","0.7636,0.7583,0.7002,0.7922",27
28088,120,"9,10,14,23","0.8117,0.8364,0.8289,0.8189",10
28192,121,"3,15,21","0.7631,0.7885,0.7002",15
28317,122,"20,25","0.8344,0.8352",25
28339,123,"23,26","0.8878,0.8243",23
28669,124,"3,6,14,22,24","0.5725,0.5849,0.5955,0.6239,0.5811",22
28813,125,"7,9,12,13","0.6243,0.7101,0.7019,0.7197",13
28932,126,"2,6,11","0.8606,0.6461,0.6544",2
29020,127,"1,12,16,18,20,21","0.7308,0.6893,0.6840,0.7561,0.7093,0.6887",18
29055,128,"12,14,20,21,26","0.8021,0.8474,0.8660,0.8014,0.8770",26
29087,129,"9,14,24,29","0.6076,0.5955,0.5811,0.6139",29
29238,130,"9,23,27","0.8840,0.7498,0.8418",9
29334,131,"8,14,15,27","0.8152,0.8570,0.8487,0.8179",14
29400,133,"1,3,16,23,27","0.8364,0.8512,0.8701,0.8100,0.8578",16
29440,132,"0,1,3,7,11","0.7970,0.8705,0.8026,0.7982,0.8316",1
29634,134,"3,11,16","0.6758,0.6980,0.6805",11
29718,135,"5,21,27","0.6985,0.6520,0.6403",5
29906,136,"0,6,12,16,23,25,28","0.8116,0.8008,0.8175,0.8022,0.7998,0.8195,0.8212",28
29907,137,"0,15,16,17,19,25","0.7809,0.8324,0.8495,0.8378,0.8399,0.7789",16
30134,138,"0,3,4,7,9,12,19,21","0.6590,0.7003,0.6574,0.6959,0.6822,0.6501,0.7095,0.6494",19
30181,139,"0,4,9,10,15,27","0.6694,0.6679,0.6279,0.6625,0.6410,0.6403",0
30288,140,"6,8,15,17,26","0.7403,0.7377,0.7450,0.7162,0.6076",15
30288,141,"1,10,12,13,21,24,25,26,27","0.7078,0.7162,0.7019,0.6911,0.7012,0.7049,0.6897,0.6466,0.6824",10
30472,143,"1,4,17,23","0.8013,0.7958,0.8674,0.8428",17
30478,142,"3,12,23,25","0.8512,0.7699,0.8601,0.8007",23
30502,144,"2,6,7,8,13,20,25,27","0.6828,0.7261,0.7093,0.7348,0.7255,0.7594,0.7241,0.7202",20
30535,145,"6,12,13","0.7261,0.7468,0.7255",12
30555,147,"4,6,7,13,24,25","0.7794,0.8270,0.8102,0.8186,0.7652,0.8172",6
30563,146,"1,7,8,26","0.8628,0.7980,0.8306,0.7658",1
30748,149,"3,4,24,25","0.8423,0.7847,0.7704,0.8148",3
30775,148,"7,18,21,25","0.7825,0.8105,0.8352,0.8039",21
30843,150,"7,8,9,13,18","0.6294,0.6536,0.6487,0.6396,0.6675",18
31258,151,"9,17,24,26,28","0.8081,0.6850,0.8112,0.8427,0.7013",26
31294,152,"11,16","0.6648,0.6716",16
31297,153,"1,7,13,25,27","0.6612,0.6294,0.6396,0.6382,0.6403",1
31394,154,"9,17,28","0.7096,0.6144,0.5972",9
31452,155,"11,13,21,27","0.7562,0.7884,0.7628,0.8418",27
31465,156,"4,6,8,13,15,17,24,25,28","0.7191,0.6976,0.6973,0.6911,0.6631,0.6327,0.7049,0.6897,0.7135",4
31491,157,"7,13,15,21,23","0.7587,0.7256,0.7430,0.7528,0.6698",7
31563,158,"8,13,20,28","0.7711,0.7719,0.8089,0.8416",28
31855,159,"6,8,10,11","0.7075,0.7348,0.7216,0.7507",11
31899,160,"5,12,13,19,20","0.7104,0.6772,0.6911,0.7013,0.7370",20
31946,161,"2,15,17,19","0.6815,0.7253,0.6931,0.6826",15
32141,162,"8,14,19,22,23,28","0.8038,0.7777,0.7572,0.7528,0.7743,0.7783",8
32265,163,"3,13,17,19,21,22,26","0.7416,0.8140,0.7876,0.7563,0.8271,0.7594,0.6821",21
32302,164,"0,17,23,25,28","0.7957,0.7744,0.7743,0.7980,0.7783",25
32372,165,"0,13,17,28,29","0.7685,0.7719,0.7477,0.7452,0.7812",29
32400,167,"12,13,22","0.6762,0.7256,0.7355",22
32427,168,"0,3,7,10,12,13","0.7626,0.7716,0.7909,0.8162,0.7865,0.8485",13
32451,166,"3,26","0.6733,0.6750",26
32483,169,"5,7,10,12","0.8048,0.8153,0.7800,0.7523",7
32565,170,"5,28","0.8106,0.8295",28
32662,171,"3,6,19","0.7833,0.8022,0.7760",6
32730,174,"3,17","0.7902,0.7942",17
32803,175,"14,23,24","0.6708,0.6889,0.6432",23
32824,176,"3,4,5,14,16,24,27","0.6813,0.7141,0.7464,0.7073,0.7020,0.7520,0.7099",24
32898,177,"3,19","0.7514,0.7465",3
32976,178,"9,10,11,13,16","0.7744,0.8034,0.7846,0.7427,0.7632",10
33013,179,"5,16","0.6713,0.6637",5
33038,180,"7,14,16","0.8170,0.8034,0.8079",7
33590,181,"8,9,11,18,21,27","0.7464,0.7885,0.7663,0.7725,0.7788,0.7829",9
33640,182,"1,4,13,17,20,22,27","0.7995,0.7732,0.7993,0.7712,0.7855,0.7451,0.7489",1
33721,184,"14,20","0.8244,0.7688",14
33752,185,"6,13,18,19,20,27,28,29","0.6674,0.8388,0.7725,0.7817,0.7911,0.7829,0.7791,0.7599",13
33753,183,"11,20,21,27","0.7693,0.7941,0.7530,0.7167",20
33993,186,"8,15,21,22,25","0.7049,0.6341,0.6664,0.6406,0.6601",8
34125,187,"3,6,17,21,22,25,27,28","0.8035,0.6414,0.6557,0.6664,0.6406,0.6601,0.6444,0.6500",3
34288,188,"7,12,17,25,26,29","0.7871,0.7350,0.7792,0.7597,0.7364,0.7199",7
34323,189,"6,11,12,18,19","0.8013,0.7387,0.7523,0.7449,0.8022",19
34467,190,"9,10,18,21,22,24,27","0.7184,0.7239,0.7125,0.7041,0.7769,0.7060,0.7806",27
34591,191,"1,11,21,23,24","0.7277,0.7264,0.7242,0.7426,0.7261",23
34819,192,"0,5,9,21,22,24,25","0.4476,0.6677,0.7088,0.6484,0.7013,0.6509,0.6712",9
34854,193,"14,16","0.7190,0.7748",16
34893,194,"1,5,22,27","0.6110,0.6574,0.6299,0.6247",5
34942,195,"1,20,26","0.7766,0.7738,0.7942",26
35017,196,"1,10,12,14,15,17,20,21,22,24,25","0.6376,0.6608,0.6591,0.6798,0.7052,0.6862,0.6617,0.6484,0.7013,0.6509,0.6712",15
35179,197,"1,2,7,12,21,23","0.7766,0.7395,0.7460,0.7865,0.7757,0.7520",12
35309,198,"2,10,11,25","0.7214,0.8133,0.7755,0.7972",10
35363,199,"7,14,27,29","0.6828,0.7264,0.7075,0.7629",29
35508,200,"21,25,26,28","0.6664,0.6601,0.5940,0.6500",21
35629,201,"3,7,18,20,22,27","0.6658,0.6978,0.6738,0.6780,0.7279,0.7224",22
35772,202,"8,16,18,19,27,28","0.5504,0.5222,0.5609,0.5072,0.5318,0.5474",18
36030,203,"3,4,7,17,23,25,26,29","0.7129,0.7188,0.7468,0.7556,0.7526,0.7374,0.7003,0.7357",17
36091,204,"4,12,19,25,26,27,28,29","0.7788,0.6971,0.7506,0.8210,0.7839,0.7737,0.7791,0.7618",25
36157,205,"6,14,29","0.5381,0.5373,0.5227",6
36611,206,"0,3,4,7,13,19,26","0.8279,0.6401,0.6638,0.6712,0.5371,0.6926,0.6341",0
36668,207,"1,7,14,16,24","0.5922,0.5684,0.6002,0.5834,0.6270",24
36873,208,"1,11","0.7638,0.7520",1
37075,209,"3,5,7,10,11,13,15,17,21,28,29","0.6658,0.6591,0.6978,0.6545,0.6676,0.6483,0.6882,0.6920,0.6779,0.7298,0.6446",28
37121,210,"3,11,12,16,17,27","0.6288,0.7256,0.7008,0.6634,0.6704,0.6730",11
37121,211,"15,16,17,23","0.5058,0.5222,0.5250,0.5232",17
37435,212,"9,16,21,22","0.6746,0.6776,0.6075,0.6665",16
38151,213,"4,14,23","0.7818,0.7264,0.6974",4
38335,214,"0,19,29","0.8997,0.7687,0.7323",0
38544,215,"2,7,9,12,15,19","0.6456,0.6712,0.6835,0.6378,0.6795,0.6926",19
38970,216,"7,9,20,21,23,28","0.6712,0.6835,0.6617,0.6146,0.6968,0.7002",28
38990,217,"7,8,13,15,23","0.7832,0.7374,0.7225,0.7960,0.8134",23
39084,219,"2,9,10,12,14,15,21,26","0.7528,0.7736,0.7245,0.7213,0.7818,0.7696,0.6981,0.7312",14
39105,218,"2,5,7,11,12,13,15,25,27","0.7007,0.7557,0.7136,0.7847,0.7799,0.7192,0.7104,0.7382,0.7383",11
39182,221,"0,7,10,16","0.7740,0.6626,0.6248,0.6548",0
39214,220,"4,5,10,20,27","0.6649,0.6263,0.6217,0.6759,0.6245",20
39257,222,"5,9,10,25,29","0.7375,0.7835,0.7329,0.7498,0.7190",9
39530,224,"5,8,12,29","0.6294,0.6398,0.6307,0.6211",8
39534,223,"26,29","0.6231,0.6556",29
39619,225,"3,12,16,18","0.7732,0.7420,0.7759,0.9241",18
39630,227,"7,13,21,26,27","0.6350,0.5927,0.5809,0.6019,0.6596",27
39686,228,"7,9,16,25,26","0.7726,0.7680,0.7648,0.7324,0.7227",7
39828,230,"4,9,22","0.6163,0.6231,0.6388",22
39837,229,"3,9,12,16,25","0.7473,0.7652,0.7213,0.7747,0.7409",16
39915,231,"5,15,23","0.5913,0.5666,0.6413",23
39983,232,"2,3,12,15,26","0.7395,0.7340,0.7651,0.7346,0.7804",26
40220,233,"5,7,12,13","0.7215,0.7690,0.7201,0.7139",7
40344,234,"3,4,10,13,18","0.6976,0.7890,0.7632,0.7306,0.8177",18
40675,235,"3,4,9,15,19,24","0.7101,0.7689,0.7081,0.7125,0.6970,0.7246",4
40876,237,"9,19,25","0.7025,0.6914,0.7496",25
41075,238,"1,8,9,15,20,28","0.9175,0.6939,0.7557,0.7601,0.7053,0.7500",1
41218,239,"0,8,9,10,19","0.6568,0.5223,0.5014,0.5194,0.4903",0
41329,240,"8,27","0.6461,0.6223",8
41676,242,"1,9,17,24,29","0.9519,0.7218,0.9613,0.7099,0.9304",17
41698,241,"2,6,27,28,29","0.7590,0.9636,0.7537,0.7424,0.9280",6
41830,243,"5,9,24,26","0.7298,0.6756,0.7245,0.9121",26
42323,244,"3,5,19,22,28,29","0.6651,0.7298,0.6645,0.8817,0.6699,0.9449",29
43734,245,"1,5,16,19,26","0.8122,0.6263,0.7970,0.5823,0.8017",1
43832,246,"7,10,14,17,21","0.9484,0.7743,0.9754,0.9592,0.9571",14
43843,247,"2,4,10,18","0.7470,0.7170,0.7196,0.8295",18
44693,248,"3,5,7,14,17,20,21,23,25,27,28","0.6050,0.6058,0.8343,0.8095,0.8033,0.5958,0.7930,0.8276,0.8101,0.6240,0.6175",7
44730,249,"0,6,9,14,16,18,19,20,23,28","0.8028,0.8371,0.6756,0.8898,0.8800,0.8479,0.6645,0.7483,0.8801,0.6699",14
44741,250,"5,11,12,17,24,25,28","0.7927,0.9526,0.7811,0.9399,0.7337,0.9715,0.7105",25
44943,251,"4,9,11,13,19,21,27,28","0.7221,0.7362,0.9155,0.9619,0.7251,0.9303,0.7413,0.7305",13
45427,252,"5,10,12,17,18,24","0.7822,0.7777,0.7713,0.9626,0.8479,0.7244",17
45447,253,"0,9,15","0.7827,0.7163,0.7207",0
45708,254,"5,9,10,11,16,19,20,22,27","0.6058,0.6231,0.6012,0.7909,0.8322,0.6120,0.5958,0.8338,0.6240",22
45836,255,"5,9,11,16,19,20,26,28","0.7660,0.7218,0.9289,0.9344,0.7107,0.7338,0.9667,0.7161",26
46136,256,"0,6,11,12,15,28","0.7718,0.8759,0.9767,0.8066,0.7174,0.7073",11
46602,257,"0,1,5,18,23,26,27","0.7872,0.8772,0.7298,0.8479,0.8801,0.8854,0.6719",26
46998,258,"0,1,8,13,18,25,28","0.7625,0.8878,0.9213,0.9249,0.8232,0.9213,0.7728",13
47196,259,"0,4,6,8,16,25","0.7565,0.7193,0.9246,0.9154,0.9676,0.9203",16
47643,260,"0,3,5,11,12,20,21,23,28,29","0.6833,0.5796,0.6263,0.7938,0.6433,0.6444,0.8322,0.7979,0.5877,0.8337",29
47907,261,"2,4,6,8,18,21,24","0.6954,0.7828,0.8626,0.9789,0.8808,0.9625,0.7573",8
47915,262,"3,7,12,15,22,25,26","0.6050,0.8025,0.6040,0.6276,0.7969,0.7802,0.7715",7
48630,263,"4,10,11,13,21,22,23,26,27","0.6247,0.6248,0.7817,0.6515,0.8196,0.8245,0.8706,0.7961,0.6516",23
48703,264,"0,1,3,10,17,20,22,27,28","0.6347,0.7533,0.6050,0.6012,0.7899,0.5958,0.7969,0.6240,0.6175",22
49109,265,"1,2,12,14,16,20,21","0.9264,0.7426,0.7682,0.9489,0.9159,0.7453,0.9571",21
49414,266,"0,3,5,6,8,14,15,16","0.7903,0.7130,0.7858,0.8801,0.9243,0.9235,0.7152,0.8927",8
49575,267,"9,13,14,19,25","0.6040,0.7599,0.7961,0.5929,0.8013",25
49857,268,"1,2,5,6,10,12,15,24,28","0.9249,0.7114,0.7774,0.8732,0.7728,0.8031,0.7148,0.7545,0.7047",1
50007,269,"7,9,10,14,16,17,20,29","0.9169,0.7652,0.7245,0.9287,0.9494,0.9256,0.7130,0.8723",16
50492,270,"3,12,13,14,23,24,26,28","0.6050,0.6040,0.7387,0.7930,0.8040,0.5720,0.7715,0.6175",23
50814,271,"0,3,12,20,22,24,28,29","0.7539,0.7560,0.7283,0.7150,0.9005,0.6912,0.7448,0.8743",22
50889,272,"0,1,5,12,14,19","0.7566,0.7913,0.7475,0.7386,0.9492,0.7222",14
50958,273,"4,5,9,11,21,28","0.6079,0.5913,0.5622,0.7649,0.7602,0.5565",11
51147,274,"1,3,7,17,24,25","0.9012,0.7073,0.8547,0.9144,0.7216,0.8820",17
51373,275,"1,9,24,28","0.6460,0.5014,0.5098,0.4957",1
51428,276,"0,2,3,7,13,18,25,27,29","0.7241,0.7184,0.7129,0.8811,0.8371,0.7849,0.8470,0.7358,0.8446",7
51541,278,"9,12,15,18,21,22,24,29","0.7812,0.7201,0.7856,0.8124,0.8736,0.7970,0.6889,0.8721",21
51551,277,"2,3,4,6,16,22,24,29","0.6980,0.6925,0.7862,0.8652,0.8724,0.7526,0.7607,0.9439",29
51639,279,"4,9,10,15,24","0.6591,0.6040,0.6404,0.6084,0.6337",4
51724,280,"2,3,5,6,8,13,27","0.5532,0.5477,0.5913,0.7226,0.7774,0.7084,0.5574",8
52070,281,"2,6,10,15,16,22,25","0.6105,0.7892,0.6012,0.6276,0.7964,0.7498,0.7487",16
52240,282,"2,7,14,23","0.7364,0.8630,0.9167,0.8795",14
52260,283,"5,10,25,29","0.7527,0.7481,0.8724,0.8178",25
52421,284,"13,23,24,29","0.8874,0.8854,0.6939,0.8928",29
52738,285,"0,5,6,7,17,18,19,26","0.7598,0.7375,0.9471,0.9073,0.7018,0.8205,0.7639,0.9097",6
53385,286,"5,12,17,19","0.7724,0.7621,0.8959,0.7162",17
53417,288,"3,9,10,19,24","0.7446,0.7881,0.7223,0.7770,0.6942",9
53451,287,"2,4,8,10,13,20,21,22,27,29","0.7304,0.7094,0.8317,0.7614,0.9070,0.7338,0.8899,0.8521,0.7263,0.8442",13
53517,289,"0,3,11,12,15,21,22,23","0.7783,0.7309,0.8539,0.7621,0.7318,0.8959,0.8580,0.8795",21
53591,290,"10,12,19,22,24,25,26,28","0.7743,0.7682,0.7219,0.8639,0.7215,0.9145,0.9535,0.7274",26
53716,291,"0,10,14,18,24,29","0.8074,0.7632,0.8551,0.8682,0.7447,0.8866",29
53925,292,"0,2,10,12,14,15,22,23,24,25","0.7620,0.7492,0.7488,0.7442,0.9037,0.7435,0.8702,0.8913,0.6993,0.8875",14
54379,293,"4,6,8,10,11,12,18,29","0.7239,0.8669,0.8345,0.7777,0.8627,0.7713,0.8479,0.8583",6
54434,294,"4,5,23,24,25,29","0.6934,0.7475,0.8854,0.6939,0.8812,0.8547",23
54517,295,"7,8,19","0.8362,0.8679,0.7019",8
54783,296,"0,3,5,7,17,21,22,27","0.7518,0.7473,0.7291,0.8970,0.7231,0.7088,0.8974,0.7715",22
54989,297,"3,7,10,11,15,19,20","0.6658,0.8122,0.6545,0.7610,0.6882,0.6727,0.6466",7
55075,298,"0,10,11,12,19,20","0.6964,0.6404,0.7719,0.6559,0.5929,0.6575",11
55387,299,"10,16,20,24,28","0.7377,0.8980,0.7203,0.6965,0.7510",16
55429,300,"2,4,13,17,18,19,25","0.7214,0.7301,0.8696,0.8460,0.8541,0.7023,0.8908",25
55586,301,"0,1,3,6,9,10,18,19,21,28,29","0.7434,0.7398,0.6288,0.7112,0.8545,0.6764,0.8042,0.6303,0.8015,0.6358,0.8066",9
55868,302,"1,7,15,18,19,20,22,27,28","0.7852,0.8508,0.7664,0.8100,0.7508,0.7104,0.8775,0.7682,0.7563",22
55948,303,"0,4,6,8,10,17,18,19,25,27,28","0.7933,0.7301,0.8237,0.6398,0.7846,0.8460,0.8541,0.7023,0.8238,0.7176,0.7078",18
56063,304,"0,1,3,12,24,27,29","0.7646,0.8070,0.7697,0.7392,0.7019,0.7693,0.8277",29
56079,306,"3,13,15,19,23,28","0.7383,0.8326,0.7856,0.7701,0.9060,0.7755",23
56089,305,"2,3,5,21,26,27","0.7407,0.7352,0.7188,0.8182,0.8568,0.7589",26
56203,307,"6,7,8,12,14,17,19,21,25","0.8678,0.8686,0.7064,0.7136,0.8432,0.8392,0.7446,0.8143,0.8405",7
56265,308,"1,8,10,24,27","0.8347,0.7353,0.7713,0.7187,0.7067",1
56282,310,"3,4,6,12,14,20,24,28","0.6658,0.6222,0.7929,0.6548,0.7747,0.6466,0.6227,0.6781",6
56310,309,"0,2,3,5,8,14,16,17,20,22","0.5725,0.4912,0.4857,0.5239,0.5912,0.6077,0.6501,0.6036,0.5337,0.5996",16
56347,311,"4,8,11,14,15,20,21,22","0.7573,0.8314,0.8713,0.8425,0.7174,0.7816,0.9073,0.8142",21
56514,312,"3,5,25,28","0.7473,0.7291,0.8490,0.7595",25
56541,313,"2,3,14,19,20","0.6954,0.6899,0.8153,0.6897,0.7812",14
56623,314,"4,24,28","0.7239,0.7245,0.6699",24
56712,315,"4,7,18,20","0.6609,0.8370,0.7033,0.6852",7
57256,316,"7,9,10,12,18,20,27","0.8524,0.9338,0.7164,0.7136,0.7853,0.7053,0.7616",9
57273,317,"0,2,3,7,8,15,23,29","0.7872,0.6706,0.6651,0.7626,0.7981,0.6800,0.7812,0.8401",29
57560,318,"0,8,10,14,19,23,28","0.7619,0.7728,0.7406,0.6848,0.7487,0.8655,0.7542",23
57761,319,"2,7,17,21,27","0.6456,0.7510,0.7461,0.7277,0.6602",7
57865,321,"9,20,21","0.9015,0.6852,0.7655",9
57874,320,"1,6,10,14,17,18","0.6312,0.8083,0.7646,0.7708,0.8587,0.8166",17
57910,322,"13,25,28","0.8796,0.8687,0.7161",13
58093,323,"3,8,27,28,29","0.4857,0.5835,0.4962,0.4957,0.5828",8
58389,324,"0,4,10,18,29","0.6347,0.5714,0.6012,0.6758,0.6684",18
58397,325,"1,4,15,22,27","0.7421,0.6810,0.7601,0.8651,0.7616",22
58531,326,"4,5,6,10,14,19,25","0.7015,0.7565,0.8265,0.7519,0.8541,0.7310,0.8586",25
58626,327,"0,3,11,12,15,29","0.6964,0.5913,0.7472,0.6559,0.6084,0.7301",11
58727,328,"0,6,12,14,19,28","0.7731,0.8360,0.7558,0.8646,0.7400,0.7455",14
58789,329,"3,9,13,22","0.6050,0.7771,0.6773,0.7204",9
58958,330,"1,3,4,5,13,21","0.7888,0.6976,0.7442,0.7677,0.7901,0.8647",21
59173,331,"5,7,20,27","0.7319,0.7644,0.7156,0.7749",27
59383,332,"1,4,6,22,23","0.7604,0.6933,0.8385,0.8558,0.8408",22
59434,333,"2,10,16,20,26","0.5968,0.6404,0.6639,0.6575,0.6965",26
59487,334,"2,5,10,16,17","0.5968,0.6450,0.6404,0.6510,0.6450",16
59582,336,"2,5,6,10,15","0.7045,0.7694,0.7805,0.7648,0.7023",6
59826,337,"0,2,13,14,15,23,24,29","0.7812,0.7395,0.8672,0.6708,0.7346,0.8174,0.9401,0.8150",24
59830,338,"0,1,5,17,21,23,25","0.7731,0.7868,0.7658,0.8368,0.7968,0.8384,0.8446",25
59841,339,"3,7,28","0.7378,0.8209,0.7500",7
59861,340,"0,5,10,15,29","0.7241,0.6998,0.6952,0.7353,0.7579",29
60047,341,"17,18,20,21","0.7244,0.6983,0.7046,0.7550",21
60288,342,"0,1,11,13,17","0.8201,0.7707,0.8411,0.8096,0.7897",11
60330,344,"4,5,13,18,20","0.6200,0.6263,0.6920,0.6906,0.6444",13
60334,343,"3,9,14,20","0.5796,0.7192,0.6444,0.6444",9
60406,345,"0,1,2,4,5,10,14,15,17,19","0.8337,0.7829,0.7061,0.7705,0.7619,0.7573,0.7677,0.7157,0.8012,0.7001",0
60658,346,"4,5,7,29","0.5714,0.6058,0.6779,0.6678",7
60661,348,"2,4,6,22,27","0.7156,0.7241,0.7334,0.6697,0.9224",27
60714,347,"1,2,12,14","0.7707,0.6954,0.6943,0.7568",1
60725,349,"5,14,15,17,18,29","0.7534,0.8209,0.7435,0.8238,0.7693,0.7799",17
60793,350,"2,4,6,19,20,28,29","0.7426,0.7209,0.7877,0.7219,0.7453,0.7274,0.8021",29
61209,351,"2,10,22,28","0.7428,0.7429,0.7896,0.7276",22
61416,352,"3,4,5,18,26","0.7403,0.7239,0.7822,0.7944,0.8215",26
61419,353,"5,12,14,16,19,20,25,28","0.6294,0.6073,0.6836,0.6701,0.6550,0.6231,0.5454,0.6604",14
61501,354,"0,15,16,23,24","0.6230,0.6882,0.7053,0.7710,0.8785",24
61788,355,"0,4,5,11,12,18","0.6110,0.6200,0.6263,0.5488,0.6199,0.6906",18
61788,356,"0,2,8,12,15,16,17,21","0.5799,0.5532,0.5891,0.5833,0.5666,0.5759,0.5540,0.6362",21
61894,358,"4,8,25,26","0.6200,0.6272,0.6664,0.5903",25
61896,357,"1,6,11,12,15,16,17,23","0.6538,0.8162,0.6490,0.7103,0.7611,0.7812,0.7470,0.8439",23
61938,359,"0,8,11,28","0.6951,0.6681,0.6954,0.7252",28
62000,360,"0,5,10,13,15","0.7152,0.7210,0.7164,0.7518,0.7601",15
62040,361,"1,2,4,5,8,16","0.6880,0.7184,0.6609,0.6998,0.6681,0.7543",16
62187,363,"12,20,26","0.6199,0.6444,0.6264",20
62188,364,"2,6,7,11,17,26","0.7433,0.8152,0.7733,0.7963,0.7789,0.7439",6
62275,365,"2,10,12,19","0.6456,0.6321,0.6144,0.6640",19
62281,366,"3,7,9","0.6401,0.6836,0.7529",9
62328,367,"0,11,13,22","0.7911,0.8018,0.7754,0.6433",11
62375,369,"2,8,17,24,26","0.7073,0.7225,0.7709,0.8869,0.7656",24
62419,373,"12,13,22,28","0.5833,0.6242,0.5700,0.5456",13
62421,375,"0,5,22","0.7144,0.6810,0.6394",0
62422,374,"12,17,26","0.7832,0.7782,0.7733",12
62448,371,"5,6,22,26,28","0.7791,0.7649,0.6938,0.7718,0.6902",5
62478,376,"6,28","0.8040,0.7351",6
62486,377,"4,8,16,17,22","0.5987,0.6059,0.6591,0.6778,0.7348",22
62529,378,"3,28","0.5913,0.5886",3
62595,379,"2,8,16,28","0.7184,0.6681,0.7454,0.7155",16
62599,380,"2,28","0.6456,0.6597",28
62881,381,"2,14,23","0.5968,0.6410,0.6113",14
62906,382,"2,15,23","0.7433,0.7440,0.7738",23
63140,385,"4,7,27","0.6960,0.7713,0.6513",7
63380,386,"4,27,29","0.7042,0.7122,0.5119",27
63612,388,"9,23","0.7592,0.7553",9
63648,387,"4,16,25","0.7301,0.7130,0.7459",25
63667,390,"17,23","0.7680,0.7972",23
63690,389,"0,2,16","0.6382,0.5851,0.5843",0
63907,392,"16,17,29","0.6822,0.7103,0.6005",17
63942,391,"4,7,29","0.5819,0.4982,0.6399",29
64247,394,"2,16,19,20","0.7502,0.7642,0.9926,0.9076",19
64307,395,"8,20,28","0.6272,0.8421,0.8419",20
64370,398,"2,7,18,28","0.6713,0.6730,0.6572,0.8615",28
64376,397,"2,8,18,22","0.6343,0.6874,0.7152,0.6535",18
64535,401,"12,14","0.8268,0.6317",12
64538,399,"2,14,15,25","0.7470,0.7282,0.9796,0.7262",15
64619,402,"14,22","0.7431,0.7980",22
64702,404,"16,25","0.7130,0.7296",25
64738,403,"2,8,13","0.7428,0.7006,0.7733",13
64762,405,"2,8,23,24","0.7302,0.7466,0.6628,0.6161",8
64830,406,"23,24,27","0.6327,0.5997,0.7785",27
64873,407,"9,14,24","0.5858,0.6237,0.5634",14
65027,409,"2,15,16,17,19","0.6713,0.8819,0.6822,0.6900,0.8961",19
65521,410,"1,9,26","0.9823,0.7365,0.9651",1
65595,412,"5,9,13,22","0.9622,0.7769,0.7599,0.7653",5
65617,411,"2,16,26","0.7114,0.7034,0.9572",26
65805,413,"3,15,16","0.9827,0.9766,0.7808",3
65961,415,"9,10,19,24","0.7365,0.9812,0.8909,0.8330",10
65976,414,"9,13,15,18,19,20","0.5879,0.5615,0.7603,0.5955,0.7318,0.7368",15
66070,416,"18,20,23","0.7376,0.9112,0.6815",20
66172,417,"9,19","0.7793,0.9231",19
66260,418,"16,17,23","0.5949,0.6350,0.6099",17
66558,419,"0,2,4,5,11,12,13,16,28","0.9023,0.6343,0.9023,0.8327,0.8997,0.8585,0.6474,0.6328,0.8180",0
66693,420,"2,3,11,13,24","0.6978,0.7888,0.9573,0.7238,0.8438",11
66812,421,"8,9,13,16,20,22,29","0.9079,0.8035,0.7102,0.7543,0.8633,0.7673,0.9068",8
66845,422,"3,7,20,27,29","0.7772,0.8228,0.7489,0.5734,0.7924",7
67096,424,"14,21,24,27,28,29","0.9461,0.9026,0.7869,0.6696,0.9323,0.9020",14
67109,423,"1,2,6,13,22,27,28","0.7692,0.7438,0.9720,0.7131,0.7706,0.7290,0.9578",6
67304,425,"2,3,9,13,22,25,29","0.7492,0.9437,0.7648,0.7468,0.7528,0.9499,0.9197",25
67335,426,"1,5,10,13,18,29","0.8424,0.9485,0.9407,0.7344,0.7290,0.9363",5
67436,427,"9,24,26","0.7287,0.8241,0.9246",26
67492,428,"0,1","0.9150,0.8789",0
67515,429,"2,9,16,22,29","0.7364,0.7531,0.7275,0.7405,0.9361",29
67678,430,"2,4,13,14","0.5968,0.8552,0.6130,0.8154",4
67719,432,"1,2,11,13,20,24,28","0.8722,0.7376,0.7739,0.7075,0.8607,0.7892,0.9510",28
67877,433,"3,18,27","0.8051,0.5851,0.7007",3
67966,434,"10,19,21","0.9296,0.8324,0.9750",21
68081,435,"9,12,13,15,19,24,25","0.6489,0.7618,0.5919,0.7608,0.7581,0.6774,0.8058",25
68148,436,"1,2,6,10,12,16,23,24,27","0.8558,0.7184,0.8130,0.8679,0.8513,0.7312,0.7368,0.7668,0.8125",10
68228,437,"1,9,12,15,17,20,23,26","0.7823,0.6191,0.8010,0.7497,0.5833,0.7975,0.5993,0.7681",12
68374,438,"2,5,8,9,15,19,27","0.7114,0.7981,0.9497,0.7361,0.8667,0.8453,0.7847",8
68430,439,"1,15,18,21,24,26","0.7854,0.8224,0.6124,0.7831,0.7047,0.7894",15
68523,441,"1,9,11,16,20,22,23","0.9269,0.7309,0.9396,0.6981,0.9249,0.6857,0.7111",11
68532,440,"6,19,20,22,23,27","0.8353,0.8010,0.7762,0.5650,0.6721,0.7283",6
68580,442,"0,2,5,9,19,21","0.6927,0.4912,0.6461,0.5271,0.6363,0.7137",21
68890,443,"0,9,14,16,17,19,20,22,23","0.9373,0.7361,0.9353,0.7034,0.7200,0.8453,0.9314,0.6949,0.7163",0
68958,445,"7,18,22,26","0.9378,0.7123,0.7529,0.9111",7
68968,446,"1,19,20,23","0.7854,0.8010,0.7762,0.6721",19
68970,444,"2,5,13,14,16,17,23,27","0.6713,0.8060,0.6475,0.8704,0.6822,0.6551,0.6897,0.7635",14
69178,447,"2,9,10,16,18","0.5968,0.6297,0.7999,0.5949,0.6468",10
69185,448,"1,13,23,26","0.7473,0.5615,0.5682,0.7345",1
69217,449,"9,18,22,23,24,27","0.5879,0.5955,0.5444,0.5682,0.6878,0.6342",24
69408,453,"4,16,20","0.8211,0.5949,0.8106",4
69410,451,"18,26","0.5955,0.7345",26
69446,454,"16,18,27","0.7130,0.7438,0.7944",27
69616,455,"13,18,20,25,29","0.6475,0.6359,0.7997,0.8334,0.8139",25
69630,456,"2,13,16,17,29","0.6706,0.6938,0.6673,0.6772,0.9156",29
69737,457,"7,22","0.8883,0.6963",7
69809,458,"15,16,17","0.8390,0.7548,0.7441",15
70041,460,"0,5,8,11,17","0.8802,0.9194,0.7591,0.7125,0.7464",5
70076,459,"11,12,16,18","0.7922,0.8494,0.7060,0.7877",12
70208,462,"6,8,13,16,22,29","0.9228,0.8315,0.7211,0.7669,0.7585,0.8835",6
70311,464,"3,22,29","0.8266,0.6737,0.8016",3
70480,465,"0,11,23,28","0.8260,0.8154,0.6844,0.6606",0
70539,466,"11,14,17,29","0.8347,0.8226,0.6335,0.8596",29
70714,468,"9,11,17","0.7780,0.8537,0.7452",11
70725,467,"8,10,22,23","0.8552,0.8679,0.7591,0.7745",10
70778,469,"17,28","0.5833,0.7368",28
70804,470,"8,13,14,23","0.9329,0.7272,0.8986,0.6967",8
70982,471,"14,17,18,22,27","0.8117,0.6226,0.6124,0.6385,0.5916",14
71150,472,"5,9,15,22","0.7861,0.7614,0.7059,0.7563",5
71229,473,"13,16","0.5951,0.5843",13
71362,474,"6,7,15,16,18,24,27","0.7065,0.7018,0.7431,0.7033,0.7842,0.8352,0.7485",24
71527,476,"1,4,7,16,17,23,27","0.7687,0.7770,0.8210,0.6822,0.6551,0.6666,0.7274",7
71538,475,"3,15,25,26,27,29","0.6818,0.6933,0.7028,0.6964,0.5981,0.7248",29
71608,477,"0,4,9,22","0.7467,0.7535,0.6645,0.6385",4
71881,478,"8,15,23","0.8307,0.8696,0.7606",15
71935,479,"1,8,11,18","0.8989,0.8750,0.7033,0.7438",1
72062,480,"18,21","0.6337,0.7408",21
72315,481,"0,19","0.6573,0.5723",0
72319,482,"5,8,9,16,20,23","0.7456,0.8383,0.7316,0.7337,0.8709,0.7161",20
72430,483,"11,16,26,28","0.8463,0.6673,0.8287,0.8019",11
72613,484,"7,9,10,17,18,24,25,26","0.7246,0.6821,0.6486,0.6551,0.6359,0.6638,0.8070,0.7824",25
72614,485,"2,6,7,8,9,14,16,28","0.9297,0.8319,0.8206,0.8660,0.7039,0.8820,0.7048,0.7836",2
72689,486,"5,7,9,10,27","0.8782,0.8309,0.7343,0.7118,0.7817",5
73022,488,"1,4,8,9,10,17","0.6259,0.7491,0.7649,0.5917,0.7049,0.5833",8
73052,487,"7,14,22,28","0.7808,0.8156,0.6737,0.7618",14
73385,489,"11,12,19","0.8001,0.8015,0.8071",19
73457,491,"6,7,9,11,12,23,27,28","0.8975,0.8690,0.7668,0.7953,0.7840,0.7512,0.8156,0.8465",6
73472,490,"1,7,9,11,12,13,15,20,22,23","0.7160,0.7543,0.6734,0.7099,0.6979,0.8423,0.6446,0.9314,0.6472,0.6579",20
73480,492,"11,15,16,23,24,26","0.7372,0.6903,0.5949,0.5868,0.6747,0.7479",26
73487,493,"4,11,16,17","0.7109,0.6860,0.5528,0.5510",4
73505,495,"3,9,16,25,27","0.8866,0.7796,0.7576,0.8586,0.8028",3
73517,494,"7,10,12,15,16,17","0.7543,0.7153,0.6979,0.6440,0.6556,0.6306",7
73897,497,"10,11,12,13,18,21,22,23,24,28","0.8543,0.8221,0.8252,0.9886,0.7317,0.8389,0.7220,0.7130,0.7596,0.8082",13
73907,496,"10,11,17,29","0.8561,0.8580,0.7200,0.8691",29
73979,498,"22,23,28","0.6975,0.6967,0.7919",28
74087,499,"11,14,15,17,23,27","0.8482,0.8548,0.7567,0.7113,0.6854,0.7407",14
74423,500,"11,17,21,23,25","0.8139,0.7737,0.8296,0.7340,0.9082",25
74443,501,"1,12","0.8245,0.7966",1
74991,502,"10,12,14,17,21,24","0.8594,0.8667,0.8508,0.7229,0.8804,0.7988",21
74991,503,"3,9,10,11,20,23,25","0.8062,0.7200,0.8783,0.8434,0.8750,0.7044,0.8670",10
75069,504,"5,9,13,17,18,20,22,24,27","0.5556,0.7646,0.7996,0.7572,0.7178,0.8397,0.7596,0.7457,0.8133",20
75579,505,"0,3,5,6,7,8,12,13,15,16,17,26","0.8019,0.8101,0.6530,0.8270,0.7950,0.8139,0.8103,0.9382,0.7705,0.7160,0.7337,0.8588",13
75643,506,"3,7,18,24,27","0.8072,0.7920,0.7438,0.7717,0.7582",3
75918,507,"1,5,6,10,11,14,15,23,24","0.5829,0.5562,0.6026,0.5326,0.6134,0.6160,0.5556,0.4842,0.5509",14
76080,509,"2,4,5,9,16,21,22,27","0.8184,0.6890,0.6690,0.6734,0.6556,0.8605,0.6472,0.7009",21
76137,508,"0,1,2,17,19,22,25,26,29","0.6625,0.6503,0.7260,0.5510,0.5996,0.5444,0.6782,0.6668,0.6973",2
76196,510,"4,8,10,12,18","0.8210,0.8479,0.7200,0.8462,0.7515",8
76917,511,"1,7,8,17,26","0.7955,0.8306,0.7888,0.7409,0.8343",26
77177,513,"0,1,7,9,11,16,18,22,25,28,29","0.7137,0.7040,0.6739,0.6023,0.7372,0.5949,0.6468,0.5865,0.7273,0.6487,0.6886",11
77190,512,"1,5,6,15,16,17,22,25","0.6957,0.6690,0.7667,0.7292,0.6556,0.6306,0.6472,0.7578",6
77513,514,"3,5,8,9,13,18,21,29","0.7874,0.8130,0.8555,0.7114,0.9143,0.7709,0.8370,0.8127",13
77637,515,"19,21,23,25,28","0.7563,0.8147,0.7017,0.8638,0.7344",25
77894,516,"5,10,17,23","0.7888,0.8077,0.7632,0.7249",10
78166,517,"4,6,8,12,18,23,24,27","0.7054,0.7646,0.7204,0.7150,0.6359,0.6666,0.6638,0.7274",6
78293,518,"3,4,9,12","0.7486,0.8071,0.6740,0.8025",4
78416,519,"1,3,5,7,17,22","0.7800,0.8384,0.7533,0.8360,0.7236,0.7486",3
78501,520,"1,5,7,18,19,24","0.8178,0.7911,0.7796,0.7807,0.7460,0.8086",1
78648,521,"7,18","0.6632,0.6337",7
78679,522,"15,19,21","0.7703,0.7536,0.8115",21
79278,523,"0,5,8,16,18,24,26","0.8374,0.7820,0.8550,0.6928,0.7705,0.7984,0.7975",8
80084,524,"2,3,5,6,14,15,21,28,29","0.8443,0.7745,0.8147,0.7792,0.7859,0.7623,0.5888,0.7237,0.7795",2
80460,525,"0,1,4,5,11,12,16,17,21,22,24,27,29","0.7844,0.7885,0.7739,0.7920,0.7756,0.8103,0.7160,0.7337,0.6170,0.7075,0.7454,0.7612,0.7593",12
80510,526,"5,7,15,18,19,21,22","0.8130,0.7522,0.7672,0.7709,0.7504,0.7164,0.6976",5
81311,527,"0,4,6,7,9,13,14,16,18,20,21,25,28","0.7415,0.7310,0.8028,0.7773,0.7293,0.8010,0.7615,0.7312,0.6745,0.7634,0.6843,0.7631,0.7464",6
81731,529,"9,12,14,15,16,17,20,28,29","0.6023,0.6925,0.6616,0.6581,0.5949,0.6001,0.7357,0.6195,0.6886",20
81732,528,"0,5,12,16,17,18,21,22","0.6520,0.5723,0.6407,0.6194,0.5969,0.5851,0.5948,0.6109",0
82104,530,"6,7,8,9,10,19,28,29","0.7422,0.7283,0.7044,0.6821,0.6751,0.7212,0.6993,0.6777",6
82251,531,"4,9,10,14,16,17,19,22,24,27,28,29","0.7881,0.7286,0.7916,0.8111,0.7305,0.7496,0.7676,0.7220,0.7596,0.7757,0.7457,0.7735",14
82285,532,"1,2,7,9,19","0.7740,0.8833,0.8075,0.7582,0.7973",2
83263,533,"1,5,21,22,28","0.7692,0.7440,0.7226,0.7723,0.7939",28
84008,534,"5,6,8,11,17,22,29","0.6300,0.6262,0.7022,0.6918,0.5833,0.5758,0.6755",8
84205,535,"13,17,20,21","0.7059,0.5833,0.6978,0.6341",13
84486,536,"6,7,12,14,18,19,25,26","0.8033,0.8075,0.7731,0.7785,0.7123,0.7973,0.8137,0.8229",26
85183,537,"4,10,11,17,20,22,23,26","0.8441,0.7810,0.8458,0.7095,0.8518,0.6975,0.6967,0.8038",20
