time,event,tug_id,request_id,node
1236,request_created,,0.0,D4
1236,tug_assigned,17.0,0.0,D4
1286,tow_started,17.0,0.0,D4
1941,tow_completed,17.0,0.0,RW36C
1941,tug_repositioning,17.0,,PIER_D
3681,request_created,,1.0,RW24
3681,tug_assigned,0.0,1.0,RW24
4075,tow_started,0.0,1.0,RW24
4360,request_created,,2.0,RW22
4360,tug_assigned,11.0,2.0,RW22
4558,request_created,,3.0,H6
4558,tug_assigned,3.0,3.0,H6
4647,tow_started,3.0,3.0,H6
4647,tow_started,11.0,2.0,RW22
5055,tow_completed,0.0,1.0,E5
5055,tug_repositioning,0.0,,PIER_B
5235,tow_completed,11.0,2.0,G4
5235,tug_repositioning,11.0,,PIER_H
5767,request_created,,4.0,F6
5767,tug_assigned,14.0,4.0,F6
5828,tow_started,14.0,4.0,F6
5903,tow_completed,3.0,3.0,RW18C
5903,tug_repositioning,3.0,,PIER_H
6173,request_created,,5.0,H2
6173,tug_assigned,7.0,5.0,H2
6234,tow_started,7.0,5.0,H2
6830,tow_completed,7.0,5.0,RW06
6830,tug_repositioning,7.0,,PIER_H
7030,tow_completed,14.0,4.0,RW18C
7030,tug_repositioning,14.0,,PIER_F
7330,request_created,,6.0,M3
7330,tug_assigned,15.0,6.0,M3
7371,tow_started,15.0,6.0,M3
7419,request_created,,7.0,D9
7419,tug_assigned,1.0,7.0,D9
7504,tow_started,1.0,7.0,D9
7996,tow_completed,15.0,6.0,RW06
7996,tug_repositioning,15.0,,PIER_M
8002,tow_completed,1.0,7.0,RW04
8002,tug_repositioning,1.0,,PIER_D
9335,request_created,,8.0,RW27
9335,tug_assigned,19.0,8.0,RW27
9387,request_created,,9.0,D6
9387,tug_assigned,5.0,9.0,D6
9451,tow_started,5.0,9.0,D6
9648,tow_started,19.0,8.0,RW27
10674,tow_completed,19.0,8.0,D9
10674,tug_repositioning,19.0,,PIER_M
10772,request_created,,10.0,RW18R
10772,tug_assigned,24.0,10.0,RW18R
10922,request_created,,11.0,RW09
10922,tug_assigned,27.0,11.0,RW09
11263,tow_started,27.0,11.0,RW09
11574,tow_completed,5.0,9.0,RW18R
11574,tug_repositioning,5.0,,PIER_D
11741,tow_started,24.0,10.0,RW18R
11904,request_created,,12.0,G4
11904,tug_assigned,2.0,12.0,G4
11974,request_created,,13.0,G6
11974,tug_assigned,11.0,13.0,G6
11985,tow_started,2.0,12.0,G4
12042,tow_started,11.0,13.0,G6
12175,tow_completed,27.0,11.0,F7
12175,tug_repositioning,27.0,,PIER_M
12405,tow_completed,11.0,13.0,RW18L
12405,tug_repositioning,11.0,,PIER_H
12463,request_created,,14.0,M4
12463,tug_assigned,23.0,14.0,M4
12511,tow_started,23.0,14.0,M4
12906,request_created,,15.0,C5
12906,tug_assigned,12.0,15.0,C5
12978,request_created,,16.0,RW04
12978,tug_assigned,9.0,16.0,RW04
12998,tow_started,12.0,15.0,C5
13089,tow_completed,2.0,12.0,RW24
13089,tug_repositioning,2.0,,PIER_G
13186,tow_started,9.0,16.0,RW04
13218,request_created,,17.0,D9
13218,tug_assigned,21.0,17.0,D9
13303,tow_started,21.0,17.0,D9
13444,tow_completed,9.0,16.0,F2
13444,tug_repositioning,9.0,,PIER_H
13633,tow_completed,12.0,15.0,RW18L
13633,tug_repositioning,12.0,,PIER_C
13677,request_created,,18.0,H3
13677,tug_assigned,22.0,18.0,H3
13777,tow_started,22.0,18.0,H3
13801,tow_completed,21.0,17.0,RW04
13801,tug_repositioning,21.0,,PIER_D
14044,tow_completed,24.0,10.0,M4
14044,tug_repositioning,24.0,,PIER_B
14054,tow_completed,23.0,14.0,RW36L
14054,tug_repositioning,23.0,,PIER_M
14300,tow_completed,22.0,18.0,RW22
14300,tug_repositioning,22.0,,PIER_H
14535,request_created,,19.0,C2
14535,tug_assigned,21.0,19.0,C2
14588,tow_started,21.0,19.0,C2
15143,request_created,,21.0,G6
15143,tug_assigned,10.0,21.0,G6
15172,request_created,,20.0,RW09
15172,tug_assigned,9.0,20.0,RW09
15238,tow_started,10.0,21.0,G6
15502,request_created,,23.0,RW09
15502,tug_assigned,22.0,23.0,RW09
15520,tow_started,9.0,20.0,RW09
15535,request_created,,22.0,E1
15535,tug_assigned,13.0,22.0,E1
15599,tow_started,13.0,22.0,E1
15627,request_created,,24.0,RW36L
15627,tug_assigned,20.0,24.0,RW36L
15850,tow_started,22.0,23.0,RW09
15914,tow_completed,13.0,22.0,RW04
15914,tug_repositioning,13.0,,PIER_E
15976,request_created,,25.0,RW27
15976,tug_assigned,13.0,25.0,RW27
15989,request_created,,26.0,RW22
15989,tug_assigned,6.0,26.0,RW22
16216,tow_started,20.0,24.0,RW36L
16296,tow_started,13.0,25.0,RW27
16308,tow_started,6.0,26.0,RW22
16371,request_created,,27.0,F2
16371,tug_assigned,14.0,27.0,F2
16385,tow_started,14.0,27.0,F2
16419,tow_completed,9.0,20.0,E1
16419,tug_repositioning,9.0,,PIER_H
16548,tow_completed,22.0,23.0,M4
16548,tug_repositioning,22.0,,PIER_H
16578,tow_completed,21.0,19.0,RW18R
16578,tug_repositioning,21.0,,PIER_C
16870,tow_completed,6.0,26.0,M2
16870,tug_repositioning,6.0,,PIER_H
16964,request_created,,28.0,RW18R
16964,tug_assigned,4.0,28.0,RW18R
16983,request_created,,29.0,E1
16983,tug_assigned,18.0,29.0,E1
17045,tow_started,18.0,29.0,E1
17096,tow_completed,13.0,25.0,F3
17096,tug_repositioning,13.0,,PIER_E
17292,request_created,,30.0,M4
17292,tug_assigned,15.0,30.0,M4
17320,tow_started,15.0,30.0,M4
17354,request_created,,31.0,F4
17354,tug_assigned,25.0,31.0,F4
17475,tow_started,25.0,31.0,F4
17528,tow_completed,10.0,21.0,RW18R
17528,tug_repositioning,10.0,,PIER_G
17531,tow_completed,14.0,27.0,RW18C
17531,tug_repositioning,14.0,,PIER_F
17704,tow_completed,20.0,24.0,G3
17704,tug_repositioning,20.0,,PIER_B
17933,tow_started,4.0,28.0,RW18R
17964,request_created,,32.0,E6
17964,tug_assigned,26.0,32.0,E6
18018,tow_completed,15.0,30.0,RW09
18018,tug_repositioning,15.0,,PIER_M
18061,tow_started,26.0,32.0,E6
18191,request_created,,34.0,RW18R
18191,tug_assigned,29.0,34.0,RW18R
18198,request_created,,33.0,D6
18198,tug_assigned,12.0,33.0,D6
18279,tow_started,12.0,33.0,D6
18289,tow_completed,25.0,31.0,RW27
18289,tug_repositioning,25.0,,PIER_F
18409,tow_completed,18.0,29.0,RW36L
18409,tug_repositioning,18.0,,PIER_E
18413,request_created,,35.0,RW36R
18413,tug_assigned,7.0,35.0,RW36R
18440,request_created,,36.0,F5
18440,tug_assigned,17.0,36.0,F5
18546,tow_started,17.0,36.0,F5
18722,request_created,,37.0,RW04
18722,tug_assigned,27.0,37.0,RW04
18805,tow_started,27.0,37.0,RW04
18857,tow_started,7.0,35.0,RW36R
18962,tow_completed,17.0,36.0,RW18L
18962,tug_repositioning,17.0,,PIER_F
18998,request_created,,38.0,E8
18998,tug_assigned,8.0,38.0,E8
19072,request_created,,39.0,E7
19072,tug_assigned,2.0,39.0,E7
19185,tow_started,8.0,38.0,E8
19190,tow_started,2.0,39.0,E7
19222,tow_completed,26.0,32.0,RW36R
19222,tug_repositioning,26.0,,PIER_E
19232,tow_started,29.0,34.0,RW18R
19297,tow_completed,27.0,37.0,B3
19297,tug_repositioning,27.0,,PIER_M
19400,request_created,,40.0,M6
19400,tug_assigned,15.0,40.0,M6
19442,tow_started,15.0,40.0,M6
19642,tow_completed,12.0,33.0,RW36L
19642,tug_repositioning,12.0,,PIER_C
19676,request_created,,41.0,E6
19676,tug_assigned,25.0,41.0,E6
19714,tow_completed,8.0,38.0,RW18L
19714,tug_repositioning,8.0,,PIER_E
19754,tow_started,25.0,41.0,E6
19829,request_created,,42.0,G2
19829,tug_assigned,8.0,42.0,G2
19869,tow_started,8.0,42.0,G2
20004,tow_completed,7.0,35.0,E5
20004,tug_repositioning,7.0,,PIER_H
20060,tow_completed,8.0,42.0,RW04
20060,tug_repositioning,8.0,,PIER_E
20070,request_created,,43.0,E7
20070,tug_assigned,1.0,43.0,E7
20155,tow_started,1.0,43.0,E7
20191,request_created,,44.0,RW18L
20191,tug_assigned,9.0,44.0,RW18L
20250,tow_completed,4.0,28.0,M5
20250,tug_repositioning,4.0,,PIER_B
20305,tow_started,9.0,44.0,RW18L
20340,request_created,,45.0,M3
20340,tug_assigned,23.0,45.0,M3
20361,tow_started,23.0,45.0,M3
20417,request_created,,47.0,H3
20417,tug_assigned,6.0,47.0,H3
20438,tow_started,6.0,47.0,H3
20447,request_created,,46.0,G3
20447,tug_assigned,3.0,46.0,G3
20476,request_created,,48.0,RW04
20476,tug_assigned,19.0,48.0,RW04
20494,tow_started,3.0,46.0,G3
20551,request_created,,49.0,RW27
20551,tug_assigned,11.0,49.0,RW27
20559,tow_started,19.0,48.0,RW04
20622,tow_completed,15.0,40.0,RW24
20622,tug_repositioning,15.0,,PIER_M
20626,tow_completed,9.0,44.0,G3
20626,tug_repositioning,9.0,,PIER_H
20638,tow_completed,2.0,39.0,RW36L
20638,tug_repositioning,2.0,,PIER_G
20800,request_created,,50.0,M4
20800,tug_assigned,9.0,50.0,M4
20855,tow_started,9.0,50.0,M4
20862,request_created,,51.0,RW22
20862,tug_assigned,22.0,51.0,RW22
20871,tow_started,11.0,49.0,RW27
20888,tow_completed,25.0,41.0,RW18C
20888,tug_repositioning,25.0,,PIER_F
20889,request_created,,52.0,E3
20889,tug_assigned,13.0,52.0,E3
20910,tow_started,13.0,52.0,E3
20959,tow_completed,19.0,48.0,D2
20959,tug_repositioning,19.0,,PIER_M
20986,tow_completed,23.0,45.0,RW06
20986,tug_repositioning,23.0,,PIER_M
21072,tow_completed,3.0,46.0,RW06
21072,tug_repositioning,3.0,,PIER_G
21103,tow_started,22.0,51.0,RW22
21212,request_created,,53.0,F7
21212,tug_assigned,17.0,53.0,F7
21253,tow_completed,13.0,52.0,RW04
21253,tug_repositioning,13.0,,PIER_E
21261,tow_started,17.0,53.0,F7
21270,request_created,,54.0,F5
21270,tug_assigned,14.0,54.0,F5
21305,tow_started,14.0,54.0,F5
21330,request_created,,55.0,RW22
21330,tug_assigned,16.0,55.0,RW22
21423,request_created,,56.0,RW36R
21423,tug_assigned,27.0,56.0,RW36R
21453,request_created,,57.0,H6
21453,tug_assigned,7.0,57.0,H6
21495,tow_started,7.0,57.0,H6
21507,tow_completed,29.0,34.0,M2
21507,tug_repositioning,29.0,,PIER_B
21553,tow_completed,9.0,50.0,RW09
21553,tug_repositioning,9.0,,PIER_H
21603,tow_completed,1.0,43.0,RW36L
21603,tug_repositioning,1.0,,PIER_D
21762,tow_started,16.0,55.0,RW22
21798,tow_completed,11.0,49.0,E7
21798,tug_repositioning,11.0,,PIER_G
21807,tow_completed,7.0,57.0,RW18L
21807,tug_repositioning,7.0,,PIER_H
21828,tow_completed,17.0,53.0,RW06
21828,tug_repositioning,17.0,,PIER_F
21894,tow_started,27.0,56.0,RW36R
21914,tow_completed,22.0,51.0,D5
21914,tug_repositioning,22.0,,PIER_H
21940,request_created,,58.0,F3
21940,tug_assigned,8.0,58.0,F3
21951,tow_completed,6.0,47.0,RW36L
21951,tug_repositioning,6.0,,PIER_H
21997,tow_started,8.0,58.0,F3
22048,request_created,,59.0,G4
22048,tug_assigned,17.0,59.0,G4
22145,tow_started,17.0,59.0,G4
22349,request_created,,60.0,RW04
22349,tug_assigned,7.0,60.0,RW04
22405,tow_started,7.0,60.0,RW04
22446,tow_completed,16.0,55.0,E1
22446,tug_repositioning,16.0,,PIER_H
22470,request_created,,62.0,RW36C
22470,tug_assigned,26.0,62.0,RW36C
22485,request_created,,61.0,RW18R
22485,tug_assigned,13.0,61.0,RW18R
22538,request_created,,63.0,RW09
22538,tug_assigned,28.0,63.0,RW09
22666,request_created,,64.0,RW18R
22666,tug_assigned,0.0,64.0,RW18R
22682,request_created,,65.0,G1
22682,tug_assigned,16.0,65.0,G1
22715,tow_started,16.0,65.0,G1
22737,tow_completed,17.0,59.0,RW06
22737,tug_repositioning,17.0,,PIER_F
22762,request_created,,66.0,RW36C
22762,tug_assigned,18.0,66.0,RW36C
22790,tow_completed,7.0,60.0,E6
22790,tug_repositioning,7.0,,PIER_H
22793,tow_completed,14.0,54.0,RW36L
22793,tug_repositioning,14.0,,PIER_F
22805,tow_started,26.0,62.0,RW36C
22819,request_created,,67.0,C4
22819,tug_assigned,21.0,67.0,C4
22847,tow_started,21.0,67.0,C4
22866,tow_completed,27.0,56.0,H6
22866,tug_repositioning,27.0,,PIER_H
22892,tow_completed,16.0,65.0,RW04
22892,tug_repositioning,16.0,,PIER_G
22990,request_created,,70.0,RW36R
22990,tug_assigned,27.0,70.0,RW36R
23021,request_created,,69.0,RW27
23021,tug_assigned,19.0,69.0,RW27
23031,request_created,,68.0,E6
23031,tug_assigned,25.0,68.0,E6
23044,request_created,,71.0,C2
23044,tug_assigned,24.0,71.0,C2
23058,tow_started,28.0,63.0,RW09
23093,tow_started,24.0,71.0,C2
23097,tow_started,18.0,66.0,RW36C
23109,tow_started,25.0,68.0,E6
23137,request_created,,72.0,F4
23137,tug_assigned,17.0,72.0,F4
23157,tow_completed,8.0,58.0,RW18C
23157,tug_repositioning,8.0,,PIER_G
23165,tow_started,17.0,72.0,F4
23314,tow_started,19.0,69.0,RW27
23404,request_created,,74.0,RW18L
23404,tug_assigned,3.0,74.0,RW18L
23434,tow_started,27.0,70.0,RW36R
23440,request_created,,73.0,M4
23440,tug_assigned,9.0,73.0,M4
23451,tow_completed,17.0,72.0,RW04
23451,tug_repositioning,17.0,,PIER_F
23495,tow_started,9.0,73.0,M4
23540,tow_started,13.0,61.0,RW18R
23544,tow_started,3.0,74.0,RW18L
23553,request_created,,75.0,RW18L
23553,tug_assigned,16.0,75.0,RW18L
23613,tow_started,0.0,64.0,RW18R
23628,request_created,,76.0,F4
23628,tug_assigned,20.0,76.0,F4
23635,tow_completed,18.0,66.0,B6
23635,tug_repositioning,18.0,,PIER_E
23668,tow_completed,26.0,62.0,M4
23668,tug_repositioning,26.0,,PIER_B
23693,tow_started,16.0,75.0,RW18L
23700,request_created,,77.0,B4
23700,tug_assigned,12.0,77.0,B4
23714,tow_completed,21.0,67.0,RW24
23714,tug_repositioning,21.0,,PIER_C
23763,tow_started,12.0,77.0,B4
23799,tow_started,20.0,76.0,F4
23864,request_created,,78.0,RW09
23864,tug_assigned,23.0,78.0,RW09
23891,request_created,,79.0,D4
23891,tug_assigned,29.0,79.0,D4
23896,tow_completed,3.0,74.0,M5
23896,tug_repositioning,3.0,,PIER_H
23942,tow_completed,19.0,69.0,M3
23942,tug_repositioning,19.0,,PIER_M
23942,tow_completed,28.0,63.0,F5
23942,tug_repositioning,28.0,,PIER_M
23992,tow_started,29.0,79.0,D4
24072,request_created,,80.0,F3
24072,tug_assigned,28.0,80.0,F3
24179,tow_started,28.0,80.0,F3
24185,tow_started,23.0,78.0,RW09
24243,tow_completed,25.0,68.0,RW18C
24243,tug_repositioning,25.0,,PIER_E
24273,tow_completed,16.0,75.0,B1
24273,tug_repositioning,16.0,,PIER_H
24385,tow_completed,12.0,77.0,RW18L
24385,tug_repositioning,12.0,,PIER_C
24400,request_created,,81.0,RW04
24400,tug_assigned,6.0,81.0,RW04
24421,request_created,,82.0,RW18R
24421,tug_assigned,3.0,82.0,RW18R
24454,tow_completed,20.0,76.0,RW22
24454,tug_repositioning,20.0,,PIER_F
24456,tow_started,6.0,81.0,RW04
24493,tow_completed,9.0,73.0,RW36R
24493,tug_repositioning,9.0,,PIER_M
24539,tow_completed,27.0,70.0,E2
24539,tug_repositioning,27.0,,PIER_H
24567,tow_completed,28.0,80.0,RW18L
24567,tug_repositioning,28.0,,PIER_F
24567,request_created,,83.0,M1
24567,tug_assigned,16.0,83.0,M1
24601,tow_started,16.0,83.0,M1
24647,tow_completed,6.0,81.0,G2
24647,tug_repositioning,6.0,,PIER_H
24671,request_created,,84.0,M2
24671,tug_assigned,28.0,84.0,M2
24752,tow_started,28.0,84.0,M2
24779,request_created,,85.0,B3
24779,tug_assigned,25.0,85.0,B3
24903,request_created,,88.0,RW36R
24903,tug_assigned,6.0,88.0,RW36R
24909,tow_started,25.0,85.0,B3
24943,request_created,,87.0,D9
24943,tug_assigned,10.0,87.0,D9
24954,request_created,,86.0,RW27
24954,tug_assigned,22.0,86.0,RW27
25055,tow_completed,23.0,78.0,F4
25055,tug_repositioning,23.0,,PIER_M
25062,tow_completed,28.0,84.0,RW18L
25062,tug_repositioning,28.0,,PIER_M
25078,request_created,,89.0,E4
25078,tug_assigned,20.0,89.0,E4
25083,tow_completed,24.0,71.0,RW18R
25083,tug_repositioning,24.0,,PIER_C
25111,tow_started,10.0,87.0,D9
25136,request_created,,90.0,H3
25136,tug_assigned,19.0,90.0,H3
25142,tow_started,20.0,89.0,E4
25184,tow_started,19.0,90.0,H3
25196,tow_completed,29.0,79.0,RW36R
25196,tug_repositioning,29.0,,PIER_D
25257,tow_completed,16.0,83.0,RW09
25257,tug_repositioning,16.0,,PIER_H
25274,tow_started,22.0,86.0,RW27
25305,request_created,,91.0,RW18L
25305,tug_assigned,8.0,91.0,RW18L
25322,request_created,,93.0,RW04
25322,tug_assigned,2.0,93.0,RW04
25329,request_created,,92.0,RW36L
25329,tug_assigned,24.0,92.0,RW36L
25347,tow_started,6.0,88.0,RW36R
25367,request_created,,94.0,F6
25367,tug_assigned,11.0,94.0,F6
25381,request_created,,95.0,RW36R
25381,tug_assigned,26.0,95.0,RW36R
25394,request_created,,97.0,B5
25394,tug_assigned,7.0,97.0,B5
25401,tow_completed,25.0,85.0,RW04
25401,tug_repositioning,25.0,,PIER_E
25404,tow_started,2.0,93.0,RW04
25419,request_created,,96.0,D10
25419,tug_assigned,1.0,96.0,D10
25423,request_created,,98.0,C4
25423,tug_assigned,12.0,98.0,C4
25443,tow_started,11.0,94.0,F6
25445,tow_started,8.0,91.0,RW18L
25451,tow_started,12.0,98.0,C4
25489,tow_started,1.0,96.0,D10
25537,tow_started,3.0,82.0,RW18R
25553,request_created,,99.0,RW24
25553,tug_assigned,18.0,99.0,RW24
25598,tow_started,7.0,97.0,B5
25640,tow_completed,2.0,93.0,M5
25640,tug_repositioning,2.0,,PIER_G
25645,request_created,,100.0,RW22
25645,tug_assigned,16.0,100.0,RW22
25709,tow_started,24.0,92.0,RW36L
25797,tow_completed,8.0,91.0,M5
25797,tug_repositioning,8.0,,PIER_G
25824,request_created,,101.0,RW36L
25824,tug_assigned,21.0,101.0,RW36L
25836,tow_completed,10.0,87.0,RW36C
25836,tug_repositioning,10.0,,PIER_G
25841,tow_completed,13.0,61.0,H5
25841,tug_repositioning,13.0,,PIER_E
25861,tow_completed,0.0,64.0,G3
25861,tug_repositioning,0.0,,PIER_B
25886,tow_started,16.0,100.0,RW22
25922,tow_completed,19.0,90.0,RW09
25922,tug_repositioning,19.0,,PIER_M
25945,request_created,,102.0,RW18R
25945,tug_assigned,4.0,102.0,RW18R
25956,tow_completed,22.0,86.0,H3
25956,tug_repositioning,22.0,,PIER_H
25994,tow_started,26.0,95.0,RW36R
26008,tow_started,18.0,99.0,RW24
26108,tow_completed,20.0,89.0,RW24
26108,tug_repositioning,20.0,,PIER_F
26118,tow_completed,7.0,97.0,RW04
26118,tug_repositioning,7.0,,PIER_H
26192,request_created,,103.0,G4
26192,tug_assigned,2.0,103.0,G4
26220,tow_started,2.0,103.0,G4
26341,tow_completed,11.0,94.0,RW09
26341,tug_repositioning,11.0,,PIER_G
26425,tow_started,21.0,101.0,RW36L
26508,tow_completed,6.0,88.0,E6
26508,tug_repositioning,6.0,,PIER_H
26608,tow_completed,1.0,96.0,RW18C
26608,tug_repositioning,1.0,,PIER_D
26620,request_created,,104.0,RW22
26620,tug_assigned,7.0,104.0,RW22
26668,request_created,,105.0,E2
26668,tug_assigned,17.0,105.0,E2
26718,tow_started,17.0,105.0,E2
26732,tow_completed,12.0,98.0,RW36R
26732,tug_repositioning,12.0,,PIER_C
26788,tow_completed,16.0,100.0,C6
26788,tug_repositioning,16.0,,PIER_H
26802,request_created,,106.0,C7
26802,tug_assigned,16.0,106.0,C7
26807,tow_completed,18.0,99.0,B4
26807,tug_repositioning,18.0,,PIER_B
26812,tow_completed,2.0,103.0,RW06
26812,tug_repositioning,2.0,,PIER_G
26823,tow_started,16.0,106.0,C7
26861,tow_started,7.0,104.0,RW22
26871,tow_completed,24.0,92.0,B2
26871,tug_repositioning,24.0,,PIER_B
26892,tow_started,4.0,102.0,RW18R
26912,request_created,,108.0,G4
26912,tug_assigned,6.0,108.0,G4
26915,request_created,,107.0,RW36C
26915,tug_assigned,15.0,107.0,RW36C
26947,request_created,,109.0,RW36L
26947,tug_assigned,28.0,109.0,RW36L
26966,tow_started,6.0,108.0,G4
26981,request_created,,110.0,RW22
26981,tug_assigned,5.0,110.0,RW22
27044,request_created,,111.0,RW36L
27044,tug_assigned,8.0,111.0,RW36L
27186,request_created,,114.0,RW36L
27186,tug_assigned,0.0,114.0,RW36L
27225,request_created,,113.0,M2
27225,tug_assigned,19.0,113.0,M2
27238,request_created,,112.0,RW24
27238,tug_assigned,11.0,112.0,RW24
27239,tow_started,19.0,113.0,M2
27261,tow_completed,26.0,95.0,C3
27261,tug_repositioning,26.0,,PIER_E
27319,tow_started,15.0,107.0,RW36C
27352,tow_started,5.0,110.0,RW22
27354,request_created,,115.0,G2
27354,tug_assigned,2.0,115.0,G2
27368,tow_started,2.0,115.0,G2
27416,tow_completed,17.0,105.0,RW36C
27416,tug_repositioning,17.0,,PIER_F
27457,request_created,,116.0,B1
27457,tug_assigned,12.0,116.0,B1
27499,tow_started,12.0,116.0,B1
27558,tow_completed,6.0,108.0,RW06
27558,tug_repositioning,6.0,,PIER_H
27633,request_created,,117.0,RW18C
27633,tug_assigned,17.0,117.0,RW18C
27691,tow_started,28.0,109.0,RW36L
27728,tow_completed,7.0,104.0,D9
27728,tug_repositioning,7.0,,PIER_H
27739,tow_completed,16.0,106.0,RW22
27739,tug_repositioning,16.0,,PIER_H
27753,tow_started,0.0,114.0,RW36L
27762,tow_started,11.0,112.0,RW24
27767,tow_started,8.0,111.0,RW36L
27796,tow_completed,3.0,82.0,H2
27796,tug_repositioning,3.0,,PIER_H
27797,request_created,,118.0,C7
27797,tug_assigned,7.0,118.0,C7
27857,tow_completed,21.0,101.0,F1
27857,tug_repositioning,21.0,,PIER_C
27885,tow_started,7.0,118.0,C7
28005,tow_started,17.0,117.0,RW18C
28059,request_created,,119.0,RW22
28059,tug_assigned,27.0,119.0,RW22
28088,request_created,,120.0,D7
28088,tug_assigned,10.0,120.0,D7
28113,tow_completed,15.0,107.0,F4
28113,tug_repositioning,15.0,,PIER_M
28192,request_created,,121.0,RW22
28192,tug_assigned,15.0,121.0,RW22
28205,tow_completed,5.0,110.0,D8
28205,tug_repositioning,5.0,,PIER_D
28242,tow_started,10.0,120.0,D7
28300,tow_started,27.0,119.0,RW22
28317,request_created,,122.0,C6
28317,tug_assigned,25.0,122.0,C6
28332,tow_completed,12.0,116.0,RW22
28332,tug_repositioning,12.0,,PIER_C
28339,request_created,,123.0,M6
28339,tug_assigned,23.0,123.0,M6
28363,tow_completed,19.0,113.0,RW24
28363,tug_repositioning,19.0,,PIER_M
28381,tow_started,23.0,123.0,M6
28434,tow_started,25.0,122.0,C6
28458,tow_started,15.0,121.0,RW22
28669,request_created,,124.0,RW18R
28669,tug_assigned,22.0,124.0,RW18R
28801,tow_completed,7.0,118.0,RW22
28801,tug_repositioning,7.0,,PIER_H
28813,request_created,,125.0,RW24
28813,tug_assigned,13.0,125.0,RW24
28842,tow_completed,2.0,115.0,RW36L
28842,tug_repositioning,2.0,,PIER_G
28853,tow_completed,28.0,109.0,B2
28853,tug_repositioning,28.0,,PIER_M
28856,tow_completed,11.0,112.0,H1
28856,tug_repositioning,11.0,,PIER_G
28932,request_created,,126.0,RW36L
28932,tug_assigned,2.0,126.0,RW36L
28933,tow_started,2.0,126.0,RW36L
28997,tow_completed,0.0,114.0,C3
28997,tug_repositioning,0.0,,PIER_B
29020,request_created,,127.0,RW18C
29020,tug_assigned,18.0,127.0,RW18C
29054,tow_completed,27.0,119.0,E6
29054,tug_repositioning,27.0,,PIER_H
29055,request_created,,128.0,E6
29055,tug_assigned,26.0,128.0,E6
29087,request_created,,129.0,RW18R
29087,tug_assigned,29.0,129.0,RW18R
29097,tow_started,26.0,128.0,E6
29107,tow_completed,23.0,123.0,RW09
29107,tug_repositioning,23.0,,PIER_M
29112,tow_completed,4.0,102.0,F3
29112,tug_repositioning,4.0,,PIER_B
29139,tow_completed,17.0,117.0,E6
29139,tug_repositioning,17.0,,PIER_F
29238,request_created,,130.0,M5
29238,tug_assigned,9.0,130.0,M5
29240,tow_completed,10.0,120.0,RW27
29240,tug_repositioning,10.0,,PIER_D
29268,tow_started,13.0,125.0,RW24
29273,tow_started,9.0,130.0,M5
29283,tow_completed,15.0,121.0,D6
29283,tug_repositioning,15.0,,PIER_M
29322,tow_completed,8.0,111.0,H6
29322,tug_repositioning,8.0,,PIER_G
29334,request_created,,131.0,E3
29334,tug_assigned,14.0,131.0,E3
29391,tow_started,14.0,131.0,E3
29400,request_created,,133.0,H4
29400,tug_assigned,16.0,133.0,H4
29420,tow_completed,25.0,122.0,RW18C
29420,tug_repositioning,25.0,,PIER_E
29428,tow_started,16.0,133.0,H4
29437,tow_started,18.0,127.0,RW18C
29440,request_created,,132.0,E6
29440,tug_assigned,1.0,132.0,E6
29518,tow_started,1.0,132.0,E6
29596,tow_completed,16.0,133.0,RW04
29596,tug_repositioning,16.0,,PIER_H
29634,request_created,,134.0,RW24
29634,tug_assigned,11.0,134.0,RW24
29718,request_created,,135.0,RW36L
29718,tug_assigned,5.0,135.0,RW36L
29785,tow_started,22.0,124.0,RW18R
29906,request_created,,136.0,D6
29906,request_created,,137.0,G5
29906,tug_assigned,28.0,136.0,D6
29907,tug_assigned,16.0,137.0,G5
29929,tow_completed,9.0,130.0,RW27
29929,tug_repositioning,9.0,,PIER_M
29968,tow_started,16.0,137.0,G5
30105,tow_started,28.0,136.0,D6
30107,tow_started,29.0,129.0,RW18R
30134,request_created,,138.0,RW36R
30134,tug_assigned,19.0,138.0,RW36R
30158,tow_started,11.0,134.0,RW24
30181,request_created,,139.0,RW36L
30181,tug_assigned,0.0,139.0,RW36L
30220,tow_completed,13.0,125.0,E3
30220,tug_repositioning,13.0,,PIER_E
30231,tow_completed,26.0,128.0,RW18C
30231,tug_repositioning,26.0,,PIER_E
30272,tow_completed,1.0,132.0,RW36C
30272,tug_repositioning,1.0,,PIER_D
30288,request_created,,140.0,RW09
30288,request_created,,141.0,RW24
30288,tug_assigned,15.0,140.0,RW09
30288,tug_assigned,10.0,141.0,RW24
30338,tow_completed,2.0,126.0,D9
30338,tug_repositioning,2.0,,PIER_G
30358,tow_started,5.0,135.0,RW36L
30472,request_created,,143.0,F1
30472,tug_assigned,17.0,143.0,F1
30478,request_created,,142.0,H4
30478,tug_assigned,23.0,142.0,H4
30479,tow_started,17.0,143.0,F1
30502,request_created,,144.0,RW36C
30502,tug_assigned,20.0,144.0,RW36C
30510,tow_completed,14.0,131.0,RW36R
30510,tug_repositioning,14.0,,PIER_F
30533,tow_started,23.0,142.0,H4
30535,request_created,,145.0,RW36C
30535,tug_assigned,12.0,145.0,RW36C
30555,request_created,,147.0,F7
30555,tug_assigned,6.0,147.0,F7
30563,request_created,,146.0,D1
30563,tug_assigned,1.0,146.0,D1
30570,tow_completed,16.0,137.0,RW22
30570,tug_repositioning,16.0,,PIER_H
30605,tow_started,19.0,138.0,RW36R
30609,tow_started,1.0,146.0,D1
30609,tow_started,15.0,140.0,RW09
30653,tow_completed,18.0,127.0,F7
30653,tug_repositioning,18.0,,PIER_B
30664,tow_started,6.0,147.0,F7
30708,tow_started,10.0,141.0,RW24
30748,tow_started,0.0,139.0,RW36L
30748,request_created,,149.0,G3
30748,tug_assigned,3.0,149.0,G3
30775,request_created,,148.0,B1
30775,tug_assigned,21.0,148.0,B1
30795,tow_started,3.0,149.0,G3
30796,tow_started,12.0,145.0,RW36C
30817,tow_started,21.0,148.0,B1
30843,request_created,,150.0,RW36L
30843,tug_assigned,18.0,150.0,RW36L
30871,tow_started,20.0,144.0,RW36C
30995,tow_completed,1.0,146.0,RW04
30995,tug_repositioning,1.0,,PIER_D
31168,tow_completed,28.0,136.0,RW18C
31168,tug_repositioning,28.0,,PIER_M
31231,tow_completed,6.0,147.0,RW06
31231,tug_repositioning,6.0,,PIER_H
31251,tow_completed,17.0,143.0,RW27
31251,tug_repositioning,17.0,,PIER_F
31258,request_created,,151.0,D1
31258,tug_assigned,26.0,151.0,D1
31262,tow_completed,11.0,134.0,G4
31262,tug_repositioning,11.0,,PIER_B
31265,tow_completed,15.0,140.0,M1
31265,tug_repositioning,15.0,,PIER_M
31294,request_created,,152.0,RW24
31294,tug_assigned,16.0,152.0,RW24
31297,request_created,,153.0,RW36L
31297,tug_assigned,1.0,153.0,RW36L
31301,tow_started,26.0,151.0,D1
31381,tow_completed,23.0,142.0,RW36C
31381,tug_repositioning,23.0,,PIER_M
31394,request_created,,154.0,RW36R
31394,tug_assigned,9.0,154.0,RW36R
31397,tow_completed,21.0,148.0,RW18L
31397,tug_repositioning,21.0,,PIER_C
31452,request_created,,155.0,M5
31452,tug_assigned,27.0,155.0,M5
31465,request_created,,156.0,RW24
31465,tug_assigned,4.0,156.0,RW24
31473,tow_started,18.0,150.0,RW36L
31491,request_created,,157.0,RW22
31491,tug_assigned,7.0,157.0,RW22
31514,tow_started,27.0,155.0,M5
31526,tow_completed,20.0,144.0,D4
31526,tug_repositioning,20.0,,PIER_B
31563,request_created,,158.0,RW06
31563,tug_assigned,28.0,158.0,RW06
31618,tow_completed,12.0,145.0,F6
31618,tug_repositioning,12.0,,PIER_C
31633,tow_started,28.0,158.0,RW06
31730,tow_completed,10.0,141.0,E8
31730,tug_repositioning,10.0,,PIER_D
31732,tow_started,7.0,157.0,RW22
31750,tow_completed,5.0,135.0,E3
31750,tug_repositioning,5.0,,PIER_D
31834,tow_started,16.0,152.0,RW24
31837,tow_started,4.0,156.0,RW24
31845,tow_completed,19.0,138.0,B1
31845,tug_repositioning,19.0,,PIER_M
31855,request_created,,159.0,RW36C
31855,tug_assigned,11.0,159.0,RW36C
31865,tow_started,9.0,154.0,RW36R
31899,request_created,,160.0,RW24
31899,tug_assigned,20.0,160.0,RW24
31919,tow_completed,28.0,158.0,B4
31919,tug_repositioning,28.0,,PIER_M
31937,tow_started,1.0,153.0,RW36L
31946,request_created,,161.0,RW09
31946,tug_assigned,15.0,161.0,RW09
31984,tow_completed,3.0,149.0,RW18C
31984,tug_repositioning,3.0,,PIER_G
32015,tow_completed,29.0,129.0,B1
32015,tug_repositioning,29.0,,PIER_B
32082,tow_started,11.0,159.0,RW36C
32116,tow_completed,22.0,124.0,M6
32116,tug_repositioning,22.0,,PIER_M
32141,request_created,,162.0,B3
32141,tug_assigned,8.0,162.0,B3
32154,tow_completed,26.0,151.0,RW24
32154,tug_repositioning,26.0,,PIER_E
32182,tow_completed,0.0,139.0,E6
32182,tug_repositioning,0.0,,PIER_B
32265,request_created,,163.0,C3
32265,tug_assigned,21.0,163.0,C3
32267,tow_started,15.0,161.0,RW09
32269,tow_completed,7.0,157.0,H4
32269,tug_repositioning,7.0,,PIER_H
32271,tow_started,20.0,160.0,RW24
32286,tow_started,21.0,163.0,C3
32302,request_created,,164.0,B3
32302,tug_assigned,25.0,164.0,B3
32319,tow_started,8.0,162.0,B3
32372,request_created,,165.0,RW06
32372,tug_assigned,29.0,165.0,RW06
32400,request_created,,167.0,RW22
32400,tug_assigned,22.0,167.0,RW22
32427,request_created,,168.0,E3
32427,tug_assigned,13.0,168.0,E3
32432,tow_started,25.0,164.0,B3
32448,tow_started,13.0,168.0,E3
32451,request_created,,166.0,RW18C
32451,tug_assigned,26.0,166.0,RW18C
32483,request_created,,169.0,G5
32483,tug_assigned,7.0,169.0,G5
32487,tow_started,29.0,165.0,RW06
32544,tow_started,7.0,169.0,G5
32565,request_created,,170.0,G3
32565,tug_assigned,28.0,170.0,G3
32639,tow_started,28.0,170.0,G3
32662,request_created,,171.0,E4
32662,tug_assigned,6.0,171.0,E4
32667,tow_started,22.0,167.0,RW22
32675,request_created,,173.0,RW36L
32675,tug_assigned,2.0,173.0,RW36L
32697,request_created,,172.0,B1
32697,tug_assigned,0.0,172.0,B1
32704,tow_started,0.0,172.0,B1
32730,request_created,,174.0,RW04
32730,tug_assigned,17.0,174.0,RW04
32761,tow_completed,4.0,156.0,E1
32761,tug_repositioning,4.0,,PIER_B
32771,tow_completed,27.0,155.0,RW18C
32771,tug_repositioning,27.0,,PIER_H
32777,tow_completed,7.0,169.0,RW04
32777,tug_repositioning,7.0,,PIER_H
32785,tow_started,6.0,171.0,E4
32785,tow_completed,16.0,152.0,D8
32785,tug_repositioning,16.0,,PIER_H
32803,request_created,,175.0,RW36R
32803,tug_assigned,23.0,175.0,RW36R
32824,request_created,,176.0,RW36C
32824,tug_assigned,24.0,176.0,RW36C
32845,tow_started,17.0,174.0,RW04
32850,tow_completed,21.0,163.0,RW36C
32850,tug_repositioning,21.0,,PIER_C
32874,tow_completed,9.0,154.0,G5
32874,tug_repositioning,9.0,,PIER_M
32888,tow_completed,13.0,168.0,RW06
32888,tug_repositioning,13.0,,PIER_E
32893,tow_started,26.0,166.0,RW18C
32898,request_created,,177.0,D10
32898,tug_assigned,3.0,177.0,D10
32918,tow_completed,11.0,159.0,F7
32918,tug_repositioning,11.0,,PIER_B
32976,request_created,,178.0,E7
32976,tug_assigned,10.0,178.0,E7
33013,request_created,,179.0,RW36R
33013,tug_assigned,5.0,179.0,RW36R
33038,request_created,,180.0,H6
33038,tug_assigned,7.0,180.0,H6
33044,tow_completed,18.0,150.0,M6
33044,tug_repositioning,18.0,,PIER_B
33051,tow_started,24.0,176.0,RW36C
33061,tow_started,10.0,178.0,E7
33073,tow_started,3.0,177.0,D10
33080,tow_started,7.0,180.0,H6
33097,tow_completed,29.0,165.0,H3
33097,tug_repositioning,29.0,,PIER_B
33215,tow_completed,22.0,167.0,M1
33215,tug_repositioning,22.0,,PIER_H
33236,tow_completed,15.0,161.0,D1
33236,tug_repositioning,15.0,,PIER_M
33274,tow_started,23.0,175.0,RW36R
33308,tow_completed,25.0,164.0,RW18C
33308,tug_repositioning,25.0,,PIER_E
33343,tow_completed,17.0,174.0,D9
33343,tug_repositioning,17.0,,PIER_F
33356,tow_completed,8.0,162.0,RW09
33356,tug_repositioning,8.0,,PIER_B
33369,tow_completed,1.0,153.0,F1
33369,tug_repositioning,1.0,,PIER_D
33393,tow_completed,20.0,160.0,H3
33393,tug_repositioning,20.0,,PIER_B
33398,tow_started,2.0,173.0,RW36L
33428,tow_completed,28.0,170.0,RW09
33428,tug_repositioning,28.0,,PIER_M
33576,tow_completed,10.0,178.0,RW18L
33576,tug_repositioning,10.0,,PIER_D
33587,tow_started,5.0,179.0,RW36R
33590,request_created,,181.0,E2
33590,tug_assigned,9.0,181.0,E2
33640,request_created,,182.0,D9
33640,tug_assigned,1.0,182.0,D9
33703,tow_started,1.0,182.0,D9
33721,request_created,,184.0,G3
33721,tug_assigned,14.0,184.0,G3
33726,tow_completed,6.0,171.0,RW09
33726,tug_repositioning,6.0,,PIER_H
33726,tow_started,9.0,181.0,E2
33752,request_created,,185.0,E2
33752,tug_assigned,13.0,185.0,E2
33753,request_created,,183.0,RW06
33753,tug_assigned,20.0,183.0,RW06
33766,tow_started,13.0,185.0,E2
33776,tow_started,14.0,184.0,G3
33860,tow_completed,7.0,180.0,RW09
33860,tug_repositioning,7.0,,PIER_H
33868,tow_started,20.0,183.0,RW06
33942,tow_completed,24.0,176.0,M6
33942,tug_repositioning,24.0,,PIER_B
33993,request_created,,186.0,RW24
33993,tug_assigned,8.0,186.0,RW24
34052,tow_completed,3.0,177.0,RW24
34052,tug_repositioning,3.0,,PIER_G
34082,tow_completed,26.0,166.0,G3
34082,tug_repositioning,26.0,,PIER_E
34125,request_created,,187.0,RW24
34125,tug_assigned,3.0,187.0,RW24
34126,tow_started,3.0,187.0,RW24
34288,request_created,,188.0,RW04
34288,tug_assigned,7.0,188.0,RW04
34323,request_created,,189.0,G5
34323,tug_assigned,19.0,189.0,G5
34335,tow_completed,20.0,183.0,D10
34335,tug_repositioning,20.0,,PIER_B
34344,tow_started,7.0,188.0,RW04
34365,tow_started,8.0,186.0,RW24
34411,tow_started,19.0,189.0,G5
34424,tow_completed,9.0,181.0,RW22
34424,tug_repositioning,9.0,,PIER_M
34467,request_created,,190.0,RW18L
34467,tug_assigned,27.0,190.0,RW18L
34520,tow_completed,23.0,175.0,D7
34520,tug_repositioning,23.0,,PIER_M
34565,tow_completed,14.0,184.0,RW09
34565,tug_repositioning,14.0,,PIER_F
34570,tow_completed,1.0,182.0,RW22
34570,tug_repositioning,1.0,,PIER_D
34581,tow_started,27.0,190.0,RW18L
34591,request_created,,191.0,RW04
34591,tug_assigned,23.0,191.0,RW04
34612,tow_completed,0.0,172.0,RW18R
34612,tug_repositioning,0.0,,PIER_B
34663,tow_completed,5.0,179.0,F5
34663,tug_repositioning,5.0,,PIER_D
34777,tow_started,23.0,191.0,RW04
34819,request_created,,192.0,RW27
34819,tug_assigned,9.0,192.0,RW27
34828,tow_completed,7.0,188.0,D8
34828,tug_repositioning,7.0,,PIER_H
34854,request_created,,193.0,E3
34854,tug_assigned,16.0,193.0,E3
34872,tow_completed,2.0,173.0,G2
34872,tug_repositioning,2.0,,PIER_G
34888,tow_completed,27.0,190.0,G2
34888,tug_repositioning,27.0,,PIER_H
34890,tug_to_charger,0.0,,CS1
34893,request_created,,194.0,RW18C
34893,tug_assigned,5.0,194.0,RW18C
34942,request_created,,195.0,E3
34942,tug_assigned,26.0,195.0,E3
34959,tow_completed,23.0,191.0,H5
34959,tug_repositioning,23.0,,PIER_M
34963,tow_started,26.0,195.0,E3
34970,tow_started,16.0,193.0,E3
35017,request_created,,196.0,RW27
35017,tug_assigned,15.0,196.0,RW27
35112,tow_started,9.0,192.0,RW27
35179,request_created,,197.0,E3
35179,tug_assigned,12.0,197.0,E3
35264,tow_completed,3.0,187.0,M3
35264,tug_repositioning,3.0,,PIER_G
35275,tow_started,12.0,197.0,E3
35309,request_created,,198.0,D4
35309,tug_assigned,10.0,198.0,D4
35310,tow_started,15.0,196.0,RW27
35337,tow_started,10.0,198.0,D4
35363,request_created,,199.0,RW06
35363,tug_assigned,29.0,199.0,RW06
35373,tow_completed,8.0,186.0,E7
35373,tug_repositioning,8.0,,PIER_B
35383,tow_started,5.0,194.0,RW18C
35420,tow_completed,19.0,189.0,RW36R
35420,tug_repositioning,19.0,,PIER_M
35422,tow_completed,26.0,195.0,RW18L
35422,tug_repositioning,26.0,,PIER_E
35429,tow_completed,16.0,193.0,RW18L
35429,tug_repositioning,16.0,,PIER_H
35478,tow_started,29.0,199.0,RW06
35508,request_created,,200.0,RW24
35508,tug_assigned,21.0,200.0,RW24
35629,request_created,,201.0,RW22
35629,tug_assigned,22.0,201.0,RW22
35772,request_created,,202.0,RW18R
35772,tug_assigned,18.0,202.0,RW18R
35859,tug_charging_started,0.0,,CS1
35870,tow_started,22.0,201.0,RW22
35904,tow_completed,13.0,185.0,RW18R
35904,tug_repositioning,13.0,,PIER_E
35914,tow_started,21.0,200.0,RW24
35954,tow_completed,9.0,192.0,F6
35954,tug_repositioning,9.0,,PIER_M
35987,tow_completed,12.0,197.0,RW36C
35987,tug_repositioning,12.0,,PIER_C
36028,tow_completed,29.0,199.0,G1
36028,tug_repositioning,29.0,,PIER_B
36030,request_created,,203.0,RW18L
36030,tug_assigned,17.0,203.0,RW18L
36091,request_created,,204.0,E2
36091,tug_assigned,25.0,204.0,E2
36105,tow_started,25.0,204.0,E2
36157,request_created,,205.0,RW18R
36157,tug_assigned,6.0,205.0,RW18R
36167,tow_completed,15.0,196.0,E2
36167,tug_repositioning,15.0,,PIER_M
36203,tow_started,17.0,203.0,RW18L
36293,tow_completed,10.0,198.0,RW27
36293,tug_repositioning,10.0,,PIER_D
36339,tug_charging_ended,0.0,,CS1
36339,tug_repositioning,0.0,,PIER_B
36418,tow_completed,5.0,194.0,D4
36418,tug_repositioning,5.0,,PIER_D
36611,request_created,,206.0,RW27
36611,tug_assigned,0.0,206.0,RW27
36668,request_created,,207.0,RW36L
36668,tug_assigned,24.0,207.0,RW36L
36719,tow_started,18.0,202.0,RW18R
36745,tow_completed,22.0,201.0,B4
36745,tug_repositioning,22.0,,PIER_H
36811,tow_completed,17.0,203.0,B3
36811,tug_repositioning,17.0,,PIER_F
36873,request_created,,208.0,E7
36873,tug_assigned,1.0,208.0,E7
36958,tow_started,1.0,208.0,E7
37018,tow_completed,25.0,204.0,RW09
37018,tug_repositioning,25.0,,PIER_E
37022,tow_completed,21.0,200.0,H2
37022,tug_repositioning,21.0,,PIER_C
37075,request_created,,209.0,RW22
37075,tug_assigned,28.0,209.0,RW22
37081,tow_started,0.0,206.0,RW27
37121,request_created,,210.0,RW36C
37121,request_created,,211.0,RW18R
37121,tug_assigned,11.0,210.0,RW36C
37121,tug_assigned,17.0,211.0,RW18R
37235,tow_started,24.0,207.0,RW36L
37273,tow_started,6.0,205.0,RW18R
37342,tow_started,28.0,209.0,RW22
37348,tow_started,11.0,210.0,RW36C
37435,request_created,,212.0,RW09
37435,tug_assigned,16.0,212.0,RW09
37783,tow_started,16.0,212.0,RW09
38011,tow_completed,28.0,209.0,F5
38011,tug_repositioning,28.0,,PIER_M
38107,tow_completed,0.0,206.0,D9
38107,tug_repositioning,0.0,,PIER_B
38151,request_created,,213.0,RW06
38151,tug_assigned,4.0,213.0,RW06
38156,tow_completed,11.0,210.0,F5
38156,tug_repositioning,11.0,,PIER_B
38210,tow_started,17.0,211.0,RW18R
38266,tow_started,4.0,213.0,RW06
38335,request_created,,214.0,F1
38335,tug_assigned,0.0,214.0,F1
38485,tow_started,0.0,214.0,F1
38544,tow_completed,16.0,212.0,G1
38544,tug_repositioning,16.0,,PIER_H
38544,request_created,,215.0,RW27
38544,tug_assigned,19.0,215.0,RW27
38683,tow_completed,18.0,202.0,B5
38683,tug_to_charger,18.0,,CS3
38691,tow_completed,4.0,213.0,D7
38691,tug_repositioning,4.0,,PIER_B
38720,tow_completed,24.0,207.0,H1
38720,tug_repositioning,24.0,,PIER_B
38837,tow_started,19.0,215.0,RW27
38845,tow_completed,0.0,214.0,RW18L
38845,tug_repositioning,0.0,,PIER_B
38880,tug_charging_started,18.0,,CS3
38970,request_created,,216.0,RW27
38970,tug_assigned,28.0,216.0,RW27
38990,request_created,,217.0,M1
38990,tug_assigned,23.0,217.0,M1
38997,tow_started,23.0,217.0,M1
39084,request_created,,219.0,H5
39084,tug_assigned,14.0,219.0,H5
39105,request_created,,218.0,B4
39105,tug_assigned,11.0,218.0,B4
39133,tow_started,11.0,218.0,B4
39166,tow_completed,1.0,208.0,RW18R
39166,tug_to_charger,1.0,,CS2
39179,tow_started,14.0,219.0,H5
39182,request_created,,221.0,RW09
39182,tug_assigned,0.0,221.0,RW09
39214,request_created,,220.0,RW18C
39214,tug_assigned,20.0,220.0,RW18C
39257,request_created,,222.0,H2
39257,tug_assigned,9.0,222.0,H2
39263,tow_started,28.0,216.0,RW27
39298,tow_started,9.0,222.0,H2
39345,tug_charging_ended,18.0,,CS3
39345,tug_repositioning,18.0,,PIER_B
39530,request_created,,224.0,RW09
39530,tug_assigned,8.0,224.0,RW09
39534,request_created,,223.0,RW24
39534,tug_assigned,29.0,223.0,RW24
39546,tow_completed,6.0,205.0,H3
39546,tug_to_charger,6.0,,CS3
39554,tow_completed,9.0,222.0,RW18L
39554,tug_repositioning,9.0,,PIER_M
39619,request_created,,225.0,G1
39619,tug_assigned,18.0,225.0,G1
39630,request_created,,227.0,RW36R
39630,tug_assigned,27.0,227.0,RW36R
39631,tow_started,20.0,220.0,RW18C
39644,request_created,,226.0,RW09
39644,tug_assigned,21.0,226.0,RW09
39646,tug_charging_started,6.0,,CS3
39680,tow_started,0.0,221.0,RW09
39686,request_created,,228.0,RW04
39686,tug_assigned,7.0,228.0,RW04
39742,tow_started,7.0,228.0,RW04
39783,tow_started,18.0,225.0,G1
39793,tow_completed,19.0,215.0,D4
39793,tug_repositioning,19.0,,PIER_M
39818,tow_completed,23.0,217.0,RW36C
39818,tug_repositioning,23.0,,PIER_M
39828,request_created,,230.0,RW36R
39828,tug_assigned,22.0,230.0,RW36R
39837,request_created,,229.0,H5
39837,tug_assigned,16.0,229.0,H5
39872,tow_started,16.0,229.0,H5
39882,tow_completed,7.0,228.0,H2
39882,tug_repositioning,7.0,,PIER_H
39906,tow_started,29.0,223.0,RW24
39915,request_created,,231.0,RW36L
39915,tug_assigned,23.0,231.0,RW36L
39983,request_created,,232.0,E3
39983,tug_assigned,26.0,232.0,E3
40004,tow_started,26.0,232.0,E3
40028,tow_started,8.0,224.0,RW09
40074,tow_started,27.0,227.0,RW36R
40124,tug_charging_ended,6.0,,CS3
40124,tug_repositioning,6.0,,PIER_H
40144,tow_started,21.0,226.0,RW09
40207,tug_charging_started,1.0,,CS2
40220,request_created,,233.0,M4
40220,tug_assigned,7.0,233.0,M4
40272,tow_started,22.0,230.0,RW36R
40275,tow_started,7.0,233.0,M4
40291,tow_completed,28.0,216.0,C6
40291,tug_repositioning,28.0,,PIER_M
40325,tow_started,23.0,231.0,RW36L
40329,tow_completed,18.0,225.0,RW22
40329,tug_repositioning,18.0,,PIER_B
40344,request_created,,234.0,C5
40344,tug_assigned,18.0,234.0,C5
40415,tow_completed,11.0,218.0,RW36R
40415,tug_to_charger,11.0,,CS4
40469,tow_completed,0.0,221.0,G3
40469,tug_repositioning,0.0,,PIER_B
40472,tow_completed,17.0,211.0,F6
40472,tug_to_charger,17.0,,CS2
40582,tow_completed,16.0,229.0,RW27
40582,tug_repositioning,16.0,,PIER_H
40607,tug_charging_started,17.0,,CS2
40628,tug_to_charger,16.0,,CS1
40651,request_created,,236.0,RW18R
40651,tug_assigned,13.0,236.0,RW18R
40675,request_created,,235.0,D6
40675,tug_assigned,4.0,235.0,D6
40680,tow_completed,20.0,220.0,D5
40680,tug_repositioning,20.0,,PIER_B
40732,tug_charging_ended,1.0,,CS2
40732,tug_repositioning,1.0,,PIER_D
40788,tow_started,18.0,234.0,C5
40790,tow_started,4.0,235.0,D6
40808,tow_completed,8.0,224.0,H6
40808,tug_repositioning,8.0,,PIER_B
40875,tow_completed,26.0,232.0,RW27
40875,tug_to_charger,26.0,,CS3
40876,request_created,,237.0,C5
40876,tug_assigned,25.0,237.0,C5
40906,tug_charging_started,11.0,,CS4
40914,tow_completed,29.0,223.0,E7
40914,tug_to_charger,29.0,,CS2
40973,tow_completed,7.0,233.0,RW09
40973,tug_repositioning,7.0,,PIER_H
40986,tow_started,25.0,237.0,C5
41014,tow_completed,21.0,226.0,F4
41014,tug_to_charger,21.0,,CS2
41020,tug_charging_started,29.0,,CS2
41075,request_created,,238.0,RW04
41075,tug_assigned,1.0,238.0,RW04
41118,tug_charging_ended,17.0,,CS2
41118,tug_repositioning,17.0,,PIER_F
41120,tug_charging_started,16.0,,CS1
41135,tug_charging_started,21.0,,CS2
41218,request_created,,239.0,RW18R
41218,tug_assigned,0.0,239.0,RW18R
41257,tug_to_charger,7.0,,CS4
41261,tow_started,1.0,238.0,RW04
41263,tow_completed,27.0,227.0,E8
41263,tug_repositioning,27.0,,PIER_H
41273,tug_charging_started,26.0,,CS3
41295,tow_completed,22.0,230.0,G6
41295,tug_to_charger,22.0,,CS3
41329,request_created,,240.0,RW24
41329,tug_assigned,8.0,240.0,RW24
41362,tow_completed,4.0,235.0,RW18L
41362,tug_repositioning,4.0,,PIER_B
41382,tug_charging_ended,11.0,,CS4
41382,tug_repositioning,11.0,,PIER_B
41390,tug_charging_started,22.0,,CS3
41396,tug_charging_started,7.0,,CS4
41480,tow_completed,14.0,219.0,RW18R
41480,tug_to_charger,14.0,,CS3
41480,tug_charging_ended,29.0,,CS2
41480,tug_repositioning,29.0,,PIER_B
41576,tow_completed,1.0,238.0,E1
41576,tug_repositioning,1.0,,PIER_D
41585,tug_charging_ended,16.0,,CS1
41585,tug_repositioning,16.0,,PIER_H
41619,tug_charging_ended,21.0,,CS2
41619,tug_repositioning,21.0,,PIER_C
41676,request_created,,242.0,E6
41676,tug_assigned,17.0,242.0,E6
41698,request_created,,241.0,F2
41698,tug_assigned,6.0,241.0,F2
41701,tow_started,8.0,240.0,RW24
41706,tow_started,13.0,236.0,RW18R
41743,tug_charging_ended,26.0,,CS3
41743,tug_repositioning,26.0,,PIER_E
41744,tow_completed,23.0,231.0,D10
41744,tug_to_charger,23.0,,CS4
41754,tow_started,17.0,242.0,E6
41772,tow_started,6.0,241.0,F2
41830,request_created,,243.0,RW06
41830,tug_assigned,26.0,243.0,RW06
41845,tug_charging_ended,22.0,,CS3
41845,tug_repositioning,22.0,,PIER_H
41851,tug_charging_ended,7.0,,CS4
41851,tug_repositioning,7.0,,PIER_H
41874,tow_completed,25.0,237.0,RW22
41874,tug_repositioning,25.0,,PIER_E
41991,tug_charging_started,23.0,,CS4
42029,tow_started,26.0,243.0,RW06
42148,tug_to_charger,25.0,,CS2
42165,tow_started,0.0,239.0,RW18R
42255,tow_completed,17.0,242.0,RW18L
42255,tug_repositioning,17.0,,PIER_F
42274,tug_charging_started,25.0,,CS2
42323,request_created,,244.0,RW06
42323,tug_assigned,29.0,244.0,RW06
42384,tow_completed,26.0,243.0,D2
42384,tug_repositioning,26.0,,PIER_E
42438,tow_started,29.0,244.0,RW06
42481,tug_charging_ended,23.0,,CS4
42481,tug_repositioning,23.0,,PIER_M
42554,tow_completed,8.0,240.0,D1
42554,tug_to_charger,8.0,,CS1
42588,tug_charging_started,14.0,,CS3
42657,tug_charging_started,8.0,,CS1
42682,tow_completed,29.0,244.0,B1
42682,tug_repositioning,29.0,,PIER_B
42728,tug_charging_ended,25.0,,CS2
42728,tug_repositioning,25.0,,PIER_E
42820,tow_completed,18.0,234.0,RW18R
42820,tug_repositioning,18.0,,PIER_B
43075,tug_charging_ended,14.0,,CS3
43075,tug_repositioning,14.0,,PIER_F
43129,tug_charging_ended,8.0,,CS1
43129,tug_repositioning,8.0,,PIER_B
43218,tow_completed,6.0,241.0,RW36L
43218,tug_repositioning,6.0,,PIER_H
43734,request_created,,245.0,RW18C
43734,tug_assigned,1.0,245.0,RW18C
43832,request_created,,246.0,E2
43832,tug_assigned,14.0,246.0,E2
43843,request_created,,247.0,M3
43843,tug_assigned,18.0,247.0,M3
43882,tow_started,14.0,246.0,E2
43995,tow_completed,13.0,236.0,M3
43995,tug_to_charger,13.0,,CS2
44041,tow_started,18.0,247.0,M3
44195,tug_charging_started,13.0,,CS2
44211,tow_completed,14.0,246.0,RW04
44211,tug_repositioning,14.0,,PIER_F
44224,tow_started,1.0,245.0,RW18C
44365,tow_completed,18.0,247.0,RW18L
44365,tug_repositioning,18.0,,PIER_B
44452,tow_completed,0.0,239.0,H4
44452,tug_repositioning,0.0,,PIER_B
44693,request_created,,248.0,RW36R
44693,tug_assigned,7.0,248.0,RW36R
44730,request_created,,249.0,RW06
44730,tug_assigned,14.0,249.0,RW06
44741,request_created,,250.0,D3
44741,tug_assigned,25.0,250.0,D3
44773,tug_charging_ended,13.0,,CS2
44773,tug_repositioning,13.0,,PIER_E
44798,tow_started,25.0,250.0,D3
44943,request_created,,251.0,F6
44943,tug_assigned,13.0,251.0,F6
44965,tow_started,14.0,249.0,RW06
45021,tow_started,13.0,251.0,F6
45137,tow_started,7.0,248.0,RW36R
45427,request_created,,252.0,E1
45427,tug_assigned,17.0,252.0,E1
45447,request_created,,253.0,E8
45447,tug_assigned,0.0,253.0,E8
45470,tow_started,17.0,252.0,E1
45481,tow_completed,1.0,245.0,M5
45481,tug_repositioning,1.0,,PIER_D
45518,tow_completed,14.0,249.0,F6
45518,tug_repositioning,14.0,,PIER_F
45612,tow_started,0.0,253.0,E8
45708,request_created,,254.0,RW36R
45708,tug_assigned,22.0,254.0,RW36R
45795,tow_completed,25.0,250.0,RW09
45795,tug_repositioning,25.0,,PIER_E
45836,request_created,,255.0,E6
45836,tug_assigned,26.0,255.0,E6
45863,tow_completed,13.0,251.0,RW27
45863,tug_repositioning,13.0,,PIER_E
45878,tow_started,26.0,255.0,E6
45882,tow_completed,17.0,252.0,RW06
45882,tug_repositioning,17.0,,PIER_F
46122,tow_completed,0.0,253.0,RW06
46122,tug_repositioning,0.0,,PIER_B
46136,request_created,,256.0,C1
46136,tug_assigned,11.0,256.0,C1
46152,tow_started,22.0,254.0,RW36R
46178,tow_started,11.0,256.0,C1
46199,tow_completed,7.0,248.0,F4
46199,tug_repositioning,7.0,,PIER_H
46379,tow_completed,26.0,255.0,RW18L
46379,tug_repositioning,26.0,,PIER_E
46602,request_created,,257.0,RW06
46602,tug_assigned,26.0,257.0,RW06
46801,tow_started,26.0,257.0,RW06
46998,request_created,,258.0,H1
46998,tug_assigned,13.0,258.0,H1
47100,tow_started,13.0,258.0,H1
47101,tow_completed,26.0,257.0,B5
47101,tug_repositioning,26.0,,PIER_E
47196,request_created,,259.0,G5
47196,tug_assigned,16.0,259.0,G5
47257,tow_started,16.0,259.0,G5
47384,tow_completed,22.0,254.0,D6
47384,tug_repositioning,22.0,,PIER_H
47394,tow_completed,11.0,256.0,RW36L
47394,tug_repositioning,11.0,,PIER_B
47643,request_created,,260.0,RW18C
47643,tug_assigned,29.0,260.0,RW18C
47907,request_created,,261.0,B6
47907,tug_assigned,8.0,261.0,B6
47915,request_created,,262.0,RW36R
47915,tug_assigned,7.0,262.0,RW36R
47949,tow_started,8.0,261.0,B6
48060,tow_started,29.0,260.0,RW18C
48266,tow_completed,16.0,259.0,RW36R
48266,tug_repositioning,16.0,,PIER_H
48359,tow_started,7.0,262.0,RW36R
48585,tow_completed,13.0,258.0,RW36L
48585,tug_repositioning,13.0,,PIER_E
48630,request_created,,263.0,RW09
48630,tug_assigned,23.0,263.0,RW09
48703,request_created,,264.0,RW36R
48703,tug_assigned,22.0,264.0,RW36R
48776,tow_completed,8.0,261.0,RW24
48776,tug_repositioning,8.0,,PIER_B
48951,tow_started,23.0,263.0,RW09
49060,tow_completed,29.0,260.0,C7
49060,tug_repositioning,29.0,,PIER_B
49109,request_created,,265.0,E2
49109,tug_assigned,21.0,265.0,E2
49147,tow_started,22.0,264.0,RW36R
49198,tow_started,21.0,265.0,E2
49414,request_created,,266.0,D5
49414,tug_assigned,8.0,266.0,D5
49464,tow_completed,7.0,262.0,E2
49464,tug_repositioning,7.0,,PIER_H
49522,tow_started,8.0,266.0,D5
49575,request_created,,267.0,RW24
49575,tug_assigned,25.0,267.0,RW24
49740,tow_completed,23.0,263.0,G3
49740,tug_repositioning,23.0,,PIER_M
49857,request_created,,268.0,C2
49857,tug_assigned,1.0,268.0,C2
49910,tow_started,1.0,268.0,C2
50007,request_created,,269.0,H5
50007,tug_assigned,16.0,269.0,H5
50030,tow_started,25.0,267.0,RW24
50042,tow_started,16.0,269.0,H5
50100,tow_completed,22.0,264.0,G1
50100,tug_repositioning,22.0,,PIER_H
50224,tow_completed,16.0,269.0,RW04
50224,tug_repositioning,16.0,,PIER_H
50303,tow_completed,21.0,265.0,RW36R
50303,tug_repositioning,21.0,,PIER_C
50492,request_created,,270.0,RW36R
50492,tug_assigned,23.0,270.0,RW36R
50756,tow_completed,1.0,268.0,RW22
50756,tug_repositioning,1.0,,PIER_D
50814,request_created,,271.0,G6
50814,tug_assigned,22.0,271.0,G6
50882,tow_started,22.0,271.0,G6
50889,request_created,,272.0,F7
50889,tug_assigned,14.0,272.0,F7
50938,tow_started,14.0,272.0,F7
50958,request_created,,273.0,RW36L
50958,tug_assigned,11.0,273.0,RW36L
50963,tow_started,23.0,270.0,RW36R
51081,tow_completed,25.0,267.0,F5
51081,tug_repositioning,25.0,,PIER_E
51147,request_created,,274.0,D7
51147,tug_assigned,17.0,274.0,D7
51267,tow_started,17.0,274.0,D7
51373,request_created,,275.0,RW18R
51373,tug_assigned,1.0,275.0,RW18R
51428,request_created,,276.0,RW18L
51428,tug_assigned,7.0,276.0,RW18L
51498,tow_completed,22.0,271.0,RW22
51498,tug_repositioning,22.0,,PIER_H
51525,tow_started,11.0,273.0,RW36L
51541,request_created,,278.0,M4
51541,tug_assigned,21.0,278.0,M4
51542,tow_started,7.0,276.0,RW18L
51551,request_created,,277.0,B5
51551,tug_assigned,29.0,277.0,B5
51586,tow_started,29.0,277.0,B5
51631,tow_completed,8.0,266.0,RW18R
51631,tug_repositioning,8.0,,PIER_B
51639,request_created,,279.0,RW24
51639,tug_assigned,4.0,279.0,RW24
51724,request_created,,280.0,RW36L
51724,tug_assigned,8.0,280.0,RW36L
51748,tow_started,21.0,278.0,M4
51794,tow_completed,14.0,272.0,RW27
51794,tug_repositioning,14.0,,PIER_F
51893,tow_completed,23.0,270.0,H3
51893,tug_repositioning,23.0,,PIER_M
52011,tow_started,4.0,279.0,RW24
52070,request_created,,281.0,RW36R
52070,tug_assigned,16.0,281.0,RW36R
52104,tow_started,8.0,280.0,RW36L
52205,tow_completed,7.0,276.0,C7
52205,tug_repositioning,7.0,,PIER_H
52222,tow_completed,29.0,277.0,RW18L
52222,tug_repositioning,29.0,,PIER_B
52240,request_created,,282.0,E4
52240,tug_assigned,14.0,282.0,E4
52260,request_created,,283.0,B5
52260,tug_assigned,25.0,283.0,B5
52304,tow_started,14.0,282.0,E4
52387,tow_completed,21.0,278.0,RW06
52387,tug_repositioning,21.0,,PIER_C
52393,tow_started,1.0,275.0,RW18R
52404,tow_started,25.0,283.0,B5
52421,request_created,,284.0,F7
52421,tug_assigned,29.0,284.0,F7
52514,tow_started,16.0,281.0,RW36R
52530,tow_started,29.0,284.0,F7
52644,tow_completed,17.0,274.0,RW36L
52644,tug_repositioning,17.0,,PIER_F
52738,request_created,,285.0,H2
52738,tug_assigned,6.0,285.0,H2
52752,tow_started,6.0,285.0,H2
52878,tow_completed,4.0,279.0,C4
52878,tug_repositioning,4.0,,PIER_B
52924,tow_completed,25.0,283.0,RW04
52924,tug_repositioning,25.0,,PIER_E
52999,tow_completed,11.0,273.0,F4
52999,tug_repositioning,11.0,,PIER_B
53189,tow_completed,14.0,282.0,RW27
53189,tug_repositioning,14.0,,PIER_F
53227,tow_completed,29.0,284.0,RW22
53227,tug_repositioning,29.0,,PIER_B
53385,request_created,,286.0,E4
53385,tug_assigned,17.0,286.0,E4
53404,tow_completed,8.0,280.0,C7
53404,tug_repositioning,8.0,,PIER_B
53417,request_created,,288.0,M2
53417,tug_assigned,9.0,288.0,M2
53431,tow_started,9.0,288.0,M2
53449,tow_started,17.0,286.0,E4
53451,request_created,,287.0,E6
53451,tug_assigned,13.0,287.0,E6
53493,tow_started,13.0,287.0,E6
53517,request_created,,289.0,E4
53517,tug_assigned,21.0,289.0,E4
53591,request_created,,290.0,E2
53591,tug_assigned,26.0,290.0,E2
53605,tow_started,26.0,290.0,E2
53620,tow_started,21.0,289.0,E4
53716,request_created,,291.0,C5
53716,tug_assigned,29.0,291.0,C5
53753,tow_completed,16.0,281.0,C1
53753,tug_repositioning,16.0,,PIER_H
53786,tow_started,29.0,291.0,C5
53925,request_created,,292.0,F5
53925,tug_assigned,14.0,292.0,F5
53952,tow_completed,6.0,285.0,RW18C
53952,tug_repositioning,6.0,,PIER_H
53960,tow_started,14.0,292.0,F5
54305,tow_completed,29.0,291.0,RW04
54305,tug_repositioning,29.0,,PIER_B
54379,request_created,,293.0,E1
54379,tug_assigned,6.0,293.0,E1
54401,tow_completed,9.0,288.0,RW36R
54401,tug_to_charger,9.0,,CS2
54406,tow_completed,13.0,287.0,RW27
54406,tug_repositioning,13.0,,PIER_E
54434,request_created,,294.0,F7
54434,tug_assigned,23.0,294.0,F7
54495,tow_started,6.0,293.0,E1
54502,tow_completed,1.0,275.0,D5
54502,tug_repositioning,1.0,,PIER_D
54517,request_created,,295.0,C1
54517,tug_assigned,8.0,295.0,C1
54559,tow_started,8.0,295.0,C1
54569,tow_started,23.0,294.0,F7
54582,tow_completed,17.0,286.0,RW36R
54582,tug_repositioning,17.0,,PIER_F
54710,tow_completed,26.0,290.0,RW36R
54710,tug_repositioning,26.0,,PIER_E
54726,tow_completed,21.0,289.0,RW18C
54726,tug_repositioning,21.0,,PIER_C
54768,tow_completed,14.0,292.0,RW36C
54768,tug_repositioning,14.0,,PIER_F
54783,request_created,,296.0,H5
54783,tug_assigned,22.0,296.0,H5
54818,tow_started,22.0,296.0,H5
54989,request_created,,297.0,RW22
54989,tug_assigned,7.0,297.0,RW22
54997,tug_charging_started,9.0,,CS2
55075,request_created,,298.0,RW24
55075,tug_assigned,11.0,298.0,RW24
55230,tow_started,7.0,297.0,RW22
55338,tow_completed,6.0,293.0,RW27
55338,tug_repositioning,6.0,,PIER_H
55369,tow_completed,22.0,296.0,RW22
55369,tug_repositioning,22.0,,PIER_H
55387,request_created,,299.0,G4
55387,tug_assigned,16.0,299.0,G4
55429,request_created,,300.0,D4
55429,tug_assigned,25.0,300.0,D4
55441,tow_started,16.0,299.0,G4
55447,tow_started,11.0,298.0,RW24
55469,tug_charging_ended,9.0,,CS2
55469,tug_repositioning,9.0,,PIER_M
55481,tow_completed,23.0,294.0,RW09
55481,tug_repositioning,23.0,,PIER_M
55493,tow_started,25.0,300.0,D4
55586,request_created,,301.0,RW36C
55586,tug_assigned,9.0,301.0,RW36C
55775,tow_completed,8.0,295.0,RW36L
55775,tug_repositioning,8.0,,PIER_B
55848,tow_completed,7.0,297.0,M6
55848,tug_repositioning,7.0,,PIER_H
55868,request_created,,302.0,H6
55868,tug_assigned,22.0,302.0,H6
55910,tow_started,22.0,302.0,H6
55921,tow_completed,25.0,300.0,RW04
55921,tug_repositioning,25.0,,PIER_E
55948,request_created,,303.0,D4
55948,tug_assigned,18.0,303.0,D4
55955,tow_started,9.0,301.0,RW36C
56049,tow_started,18.0,303.0,D4
56063,request_created,,304.0,G2
56063,tug_assigned,29.0,304.0,G2
56079,request_created,,306.0,M4
56079,tug_assigned,23.0,306.0,M4
56089,request_created,,305.0,M5
56089,tug_assigned,26.0,305.0,M5
56106,tow_completed,22.0,302.0,RW04
56106,tug_repositioning,22.0,,PIER_H
56107,tow_started,23.0,306.0,M4
56203,request_created,,307.0,RW04
56203,tug_assigned,7.0,307.0,RW04
56234,tow_started,29.0,304.0,G2
56246,tow_started,26.0,305.0,M5
56259,tow_started,7.0,307.0,RW04
56264,tow_completed,16.0,299.0,RW36C
56264,tug_repositioning,16.0,,PIER_H
56265,request_created,,308.0,D8
56265,tug_assigned,1.0,308.0,D8
56272,tow_completed,11.0,298.0,C1
56272,tug_repositioning,11.0,,PIER_B
56282,request_created,,310.0,RW22
56282,tug_assigned,6.0,310.0,RW22
56310,request_created,,309.0,RW18R
56310,tug_assigned,16.0,309.0,RW18R
56321,tow_started,1.0,308.0,D8
56347,request_created,,311.0,C1
56347,tug_assigned,21.0,311.0,C1
56354,tow_started,21.0,311.0,C1
56425,tow_completed,29.0,304.0,RW04
56425,tug_repositioning,29.0,,PIER_B
56450,tow_completed,7.0,307.0,G2
56450,tug_repositioning,7.0,,PIER_H
56514,request_created,,312.0,H5
56514,tug_assigned,25.0,312.0,H5
56523,tow_started,6.0,310.0,RW22
56541,request_created,,313.0,B6
56541,tug_assigned,14.0,313.0,B6
56623,request_created,,314.0,RW06
56623,tug_assigned,24.0,314.0,RW06
56644,tow_started,25.0,312.0,H5
56704,tow_completed,18.0,303.0,RW36C
56704,tug_repositioning,18.0,,PIER_B
56709,tow_completed,9.0,301.0,E6
56709,tug_repositioning,9.0,,PIER_M
56712,request_created,,315.0,RW18L
56712,tug_assigned,7.0,315.0,RW18L
56726,tow_started,14.0,313.0,B6
56738,tow_started,24.0,314.0,RW06
56746,tow_completed,23.0,306.0,RW06
56746,tug_repositioning,23.0,,PIER_M
56826,tow_started,7.0,315.0,RW18L
57170,tow_started,16.0,309.0,RW18R
57175,tow_completed,7.0,315.0,G5
57175,tug_repositioning,7.0,,PIER_H
57195,tow_completed,25.0,312.0,RW22
57195,tug_repositioning,25.0,,PIER_E
57256,request_created,,316.0,RW04
57256,tug_assigned,9.0,316.0,RW04
57273,request_created,,317.0,RW06
57273,tug_assigned,29.0,317.0,RW06
57312,tow_completed,21.0,311.0,RW27
57312,tug_repositioning,21.0,,PIER_C
57339,tow_started,9.0,316.0,RW04
57358,tow_completed,24.0,314.0,G6
57358,tug_to_charger,24.0,,CS1
57388,tow_started,29.0,317.0,RW06
57425,tow_completed,6.0,310.0,C6
57425,tug_repositioning,6.0,,PIER_H
57553,tow_completed,14.0,313.0,RW24
57553,tug_repositioning,14.0,,PIER_F
57560,request_created,,318.0,G3
57560,tug_assigned,23.0,318.0,G3
57579,tug_charging_started,24.0,,CS1
57581,tow_completed,1.0,308.0,RW36R
57581,tug_repositioning,1.0,,PIER_D
57589,tow_completed,9.0,316.0,M6
57589,tug_repositioning,9.0,,PIER_M
57634,tow_started,23.0,318.0,G3
57761,request_created,,319.0,RW27
57761,tug_assigned,7.0,319.0,RW27
57865,request_created,,321.0,RW18L
57865,tug_assigned,9.0,321.0,RW18L
57874,request_created,,320.0,E5
57874,tug_assigned,17.0,320.0,E5
57910,request_created,,322.0,E6
57910,tug_assigned,13.0,322.0,E6
57945,tow_started,17.0,320.0,E5
57952,tow_started,13.0,322.0,E6
58006,tow_started,9.0,321.0,RW18L
58027,tow_completed,29.0,317.0,M4
58027,tug_repositioning,29.0,,PIER_B
58061,tug_charging_ended,24.0,,CS1
58061,tug_repositioning,24.0,,PIER_B
58081,tow_started,7.0,319.0,RW27
58093,request_created,,323.0,RW18R
58093,tug_assigned,8.0,323.0,RW18R
58212,tow_completed,23.0,318.0,RW06
58212,tug_repositioning,23.0,,PIER_M
58389,request_created,,324.0,RW36R
58389,tug_assigned,18.0,324.0,RW36R
58397,request_created,,325.0,RW04
58397,tug_assigned,22.0,325.0,RW04
58453,tow_started,22.0,325.0,RW04
58531,request_created,,326.0,F4
58531,tug_assigned,25.0,326.0,F4
58535,tow_completed,9.0,321.0,E8
58535,tug_repositioning,9.0,,PIER_M
58563,tow_completed,26.0,305.0,RW18R
58563,tug_repositioning,26.0,,PIER_E
58595,tow_started,25.0,326.0,F4
58626,request_created,,327.0,RW24
58626,tug_assigned,11.0,327.0,RW24
58689,tow_completed,22.0,325.0,M5
58689,tug_repositioning,22.0,,PIER_H
58706,tow_completed,13.0,322.0,RW22
58706,tug_repositioning,13.0,,PIER_E
58727,request_created,,328.0,F1
58727,tug_assigned,14.0,328.0,F1
58734,tow_started,14.0,328.0,F1
58789,request_created,,329.0,RW36R
58789,tug_assigned,9.0,329.0,RW36R
58958,request_created,,330.0,C5
58958,tug_assigned,21.0,330.0,C5
58993,tow_started,21.0,330.0,C5
58998,tow_started,11.0,327.0,RW24
59002,tow_started,18.0,324.0,RW36R
59040,tow_started,8.0,323.0,RW18R
59092,tow_completed,17.0,320.0,RW36R
59092,tug_repositioning,17.0,,PIER_E
59123,tow_completed,7.0,319.0,C7
59123,tug_repositioning,7.0,,PIER_H
59173,request_created,,331.0,H4
59173,tug_assigned,27.0,331.0,H4
59201,tow_started,27.0,331.0,H4
59260,tow_started,9.0,329.0,RW36R
59350,tow_completed,16.0,309.0,E5
59350,tug_repositioning,16.0,,PIER_H
59383,request_created,,332.0,G5
59383,tug_assigned,22.0,332.0,G5
59389,tow_completed,25.0,326.0,RW36C
59389,tug_repositioning,25.0,,PIER_E
59434,request_created,,333.0,RW24
59434,tug_assigned,26.0,333.0,RW24
59444,tow_started,22.0,332.0,G5
59487,request_created,,334.0,RW24
59487,tug_assigned,16.0,334.0,RW24
59578,request_created,,335.0,RW27
59578,tug_assigned,12.0,335.0,RW27
59582,request_created,,336.0,D10
59582,tug_assigned,6.0,336.0,D10
59585,tow_completed,21.0,330.0,RW36C
59585,tug_repositioning,21.0,,PIER_C
59729,tow_completed,14.0,328.0,RW24
59729,tug_repositioning,14.0,,PIER_F
59782,tow_started,6.0,336.0,D10
59825,tow_completed,27.0,331.0,RW06
59825,tug_to_charger,27.0,,CS4
59826,request_created,,337.0,E3
59826,tug_assigned,24.0,337.0,E3
59830,request_created,,338.0,F1
59830,tug_assigned,25.0,338.0,F1
59841,request_created,,339.0,RW04
59841,tug_assigned,7.0,339.0,RW04
59861,request_created,,340.0,RW18L
59861,tug_assigned,29.0,340.0,RW18L
59872,tow_started,26.0,333.0,RW24
59873,tow_started,25.0,338.0,F1
59897,tow_started,7.0,339.0,RW04
59956,tow_started,24.0,337.0,E3
59960,tow_completed,18.0,324.0,H5
59960,tug_repositioning,18.0,,PIER_B
59978,tow_completed,11.0,327.0,E5
59978,tug_repositioning,11.0,,PIER_B
60027,tow_started,16.0,334.0,RW24
60047,request_created,,341.0,RW36C
60047,tug_assigned,21.0,341.0,RW36C
60050,tow_started,12.0,335.0,RW27
60074,tow_completed,7.0,339.0,G1
60074,tug_repositioning,7.0,,PIER_H
60137,tug_charging_started,27.0,,CS4
60144,tow_started,29.0,340.0,RW18L
60244,tow_completed,9.0,329.0,M3
60244,tug_repositioning,9.0,,PIER_H
60288,request_created,,342.0,B6
60288,tug_assigned,11.0,342.0,B6
60308,tow_started,21.0,341.0,RW36C
60330,tow_started,11.0,342.0,B6
60330,request_created,,344.0,RW18C
60330,tug_assigned,13.0,344.0,RW18C
60334,request_created,,343.0,RW18C
60334,tug_assigned,9.0,343.0,RW18C
60406,request_created,,345.0,B2
60406,tug_assigned,0.0,345.0,B2
60420,tow_started,0.0,345.0,B2
60521,tow_completed,6.0,336.0,RW36C
60521,tug_repositioning,6.0,,PIER_H
60546,tow_completed,29.0,340.0,F4
60546,tug_repositioning,29.0,,PIER_B
60598,tug_charging_ended,27.0,,CS4
60598,tug_repositioning,27.0,,PIER_H
60650,tow_completed,12.0,335.0,M1
60650,tug_repositioning,12.0,,PIER_C
60658,request_created,,346.0,RW36R
60658,tug_assigned,7.0,346.0,RW36R
60661,tow_completed,22.0,332.0,RW18C
60661,tug_repositioning,22.0,,PIER_H
60661,request_created,,348.0,D6
60661,tug_assigned,27.0,348.0,D6
60714,request_created,,347.0,B6
60714,tug_assigned,1.0,347.0,B6
60725,request_created,,349.0,F5
60725,tug_assigned,17.0,349.0,F5
60793,request_created,,350.0,E2
60793,tug_assigned,29.0,350.0,E2
60796,tow_started,17.0,349.0,F5
60829,tow_started,1.0,347.0,B6
60833,tow_started,27.0,348.0,D6
60855,tow_started,13.0,344.0,RW18C
60916,tow_started,29.0,350.0,E2
60920,tow_started,9.0,343.0,RW18C
61036,tow_completed,26.0,333.0,H6
61036,tug_repositioning,26.0,,PIER_E
61075,tow_completed,24.0,337.0,RW36R
61075,tug_repositioning,24.0,,PIER_B
61102,tow_started,7.0,346.0,RW36R
61103,tow_completed,16.0,334.0,G2
61103,tug_repositioning,16.0,,PIER_H
61114,tow_completed,21.0,341.0,H1
61114,tug_repositioning,21.0,,PIER_C
61209,request_created,,351.0,F7
61209,tug_assigned,22.0,351.0,F7
61274,tow_completed,8.0,323.0,F4
61274,tug_repositioning,8.0,,PIER_B
61305,tow_completed,25.0,338.0,RW36L
61305,tug_repositioning,25.0,,PIER_F
61338,tow_started,22.0,351.0,F7
61387,tow_completed,0.0,345.0,RW27
61387,tug_repositioning,0.0,,PIER_B
61416,request_created,,352.0,E1
61416,tug_assigned,26.0,352.0,E1
61419,request_created,,353.0,RW09
61419,tug_assigned,14.0,353.0,RW09
61423,tow_started,26.0,352.0,E1
61501,request_created,,354.0,RW22
61501,tug_assigned,24.0,354.0,RW22
61624,tow_completed,17.0,349.0,RW27
61624,tug_repositioning,17.0,,PIER_F
61640,tow_completed,11.0,342.0,RW36R
61640,tug_repositioning,11.0,,PIER_B
61702,tow_started,24.0,354.0,RW22
61788,request_created,,355.0,RW18C
61788,request_created,,356.0,RW36L
61788,tug_assigned,18.0,355.0,RW18C
61788,tug_assigned,21.0,356.0,RW36L
61826,tow_started,14.0,353.0,RW09
61852,tow_completed,1.0,347.0,RW27
61852,tug_repositioning,1.0,,PIER_D
61854,tow_completed,26.0,352.0,RW18L
61854,tug_repositioning,26.0,,PIER_E
61894,request_created,,358.0,RW18C
61894,tug_assigned,25.0,358.0,RW18C
61896,request_created,,357.0,G4
61896,tug_assigned,23.0,357.0,G4
61938,request_created,,359.0,RW18L
61938,tug_assigned,28.0,359.0,RW18L
61960,tow_completed,13.0,344.0,D9
61960,tug_repositioning,13.0,,PIER_E
61977,tow_started,23.0,357.0,G4
62000,request_created,,360.0,RW04
62000,tug_assigned,15.0,360.0,RW04
62040,request_created,,361.0,RW18L
62040,tug_assigned,16.0,361.0,RW18L
62079,tow_started,28.0,359.0,RW18L
62083,tow_started,15.0,360.0,RW04
62090,request_created,,362.0,C6
62090,tug_assigned,1.0,362.0,C6
62122,tow_completed,7.0,346.0,F1
62122,tug_repositioning,7.0,,PIER_H
62154,tow_started,16.0,361.0,RW18L
62176,tow_completed,9.0,343.0,H6
62176,tug_repositioning,9.0,,PIER_H
62187,request_created,,363.0,RW18C
62187,tug_assigned,20.0,363.0,RW18C
62188,request_created,,364.0,RW04
62188,tug_assigned,6.0,364.0,RW04
62194,tow_completed,22.0,351.0,RW27
62194,tug_repositioning,22.0,,PIER_H
62205,tow_started,18.0,355.0,RW18C
62244,tow_started,6.0,364.0,RW04
62275,request_created,,365.0,RW27
62275,tug_assigned,19.0,365.0,RW27
62281,request_created,,366.0,RW27
62281,tug_assigned,9.0,366.0,RW27
62311,tow_started,25.0,358.0,RW18C
62315,tow_completed,24.0,354.0,F1
62315,tug_repositioning,24.0,,PIER_B
62328,request_created,,367.0,B6
62328,tug_assigned,11.0,367.0,B6
62350,request_created,,370.0,M6
62350,tug_assigned,10.0,370.0,M6
62370,tow_started,11.0,367.0,B6
62370,request_created,,368.0,C3
62370,tug_assigned,7.0,368.0,C3
62375,request_created,,369.0,D9
62375,tug_assigned,24.0,369.0,D9
62389,tow_started,21.0,356.0,RW36L
62403,tow_completed,28.0,359.0,M3
62403,tug_repositioning,28.0,,PIER_M
62419,request_created,,373.0,RW36L
62419,tug_assigned,13.0,373.0,RW36L
62420,request_created,,375.0,RW36C
62421,tug_assigned,0.0,375.0,RW36C
62422,request_created,,374.0,C1
62422,tug_assigned,12.0,374.0,C1
62429,tow_started,12.0,374.0,C1
62430,tow_started,1.0,362.0,C6
62435,tow_completed,6.0,364.0,G2
62435,tug_repositioning,6.0,,PIER_H
62448,request_created,,371.0,D7
62448,tug_assigned,5.0,371.0,D7
62452,tow_completed,16.0,361.0,H5
62452,tug_repositioning,16.0,,PIER_H
62452,request_created,,372.0,M1
62452,tug_assigned,26.0,372.0,M1
62478,request_created,,376.0,G6
62478,tug_assigned,6.0,376.0,G6
62486,request_created,,377.0,RW09
62486,tug_assigned,22.0,377.0,RW09
62497,tow_started,5.0,371.0,D7
62509,tow_started,24.0,369.0,D9
62529,request_created,,378.0,RW24
62529,tug_assigned,3.0,378.0,RW24
62546,tow_started,6.0,376.0,G6
62549,tow_started,10.0,370.0,M6
62560,tow_started,7.0,368.0,C3
62568,tow_started,19.0,365.0,RW27
62581,tow_started,26.0,372.0,M1
62594,request_created,,379.0,RW18L
62595,tug_assigned,16.0,379.0,RW18L
62599,request_created,,380.0,RW27
62599,tug_assigned,28.0,380.0,RW27
62601,tow_started,9.0,366.0,RW27
62602,tow_completed,15.0,360.0,C5
62602,tug_repositioning,15.0,,PIER_M
62604,tow_started,20.0,363.0,RW18C
62648,tow_started,0.0,375.0,RW36C
62689,tow_started,22.0,377.0,RW09
62709,tow_started,16.0,379.0,RW18L
62724,tow_completed,23.0,357.0,RW27
62724,tug_repositioning,23.0,,PIER_M
62823,tow_completed,14.0,353.0,E8
62823,tug_repositioning,14.0,,PIER_F
62881,request_created,,381.0,RW24
62881,tug_assigned,14.0,381.0,RW24
62892,tow_started,28.0,380.0,RW27
62906,request_created,,382.0,RW04
62906,tug_assigned,23.0,382.0,RW04
62915,tow_completed,10.0,370.0,RW18L
62915,tug_repositioning,10.0,,PIER_D
62936,request_created,,383.0,B3
62936,tug_assigned,15.0,383.0,B3
62956,tow_completed,27.0,348.0,RW18R
62956,tug_repositioning,27.0,,PIER_H
63044,request_created,,384.0,B4
63044,tug_assigned,10.0,384.0,B4
63051,tow_completed,7.0,368.0,RW04
63051,tug_repositioning,7.0,,PIER_H
63053,tow_started,3.0,378.0,RW24
63054,tow_completed,29.0,350.0,RW18R
63054,tug_repositioning,29.0,,PIER_B
63094,tow_started,13.0,373.0,RW36L
63107,tow_started,23.0,382.0,RW04
63134,tow_started,15.0,383.0,B3
63140,request_created,,385.0,G4
63140,tug_assigned,7.0,385.0,G4
63182,tow_completed,16.0,379.0,E4
63182,tug_repositioning,16.0,,PIER_H
63184,tow_completed,0.0,375.0,C1
63184,tug_repositioning,0.0,,PIER_B
63194,tow_started,7.0,385.0,G4
63241,tow_started,10.0,384.0,B4
63336,tow_started,14.0,381.0,RW24
63345,tow_completed,22.0,377.0,M1
63345,tug_repositioning,22.0,,PIER_H
63380,request_created,,386.0,F3
63380,tug_assigned,27.0,386.0,F3
63389,tow_completed,25.0,358.0,E2
63389,tug_repositioning,25.0,,PIER_F
63391,tow_completed,18.0,355.0,H1
63391,tug_repositioning,18.0,,PIER_B
63443,tow_completed,12.0,374.0,RW09
63443,tug_to_charger,12.0,,CS1
63453,tow_completed,19.0,365.0,E4
63453,tug_to_charger,19.0,,CS4
63573,tow_completed,9.0,366.0,C2
63573,tug_repositioning,9.0,,PIER_M
63577,tow_completed,23.0,382.0,D7
63577,tug_repositioning,23.0,,PIER_M
63597,tow_completed,28.0,380.0,G1
63597,tug_to_charger,28.0,,CS1
63612,request_created,,388.0,M6
63612,tug_assigned,9.0,388.0,M6
63623,tug_charging_started,19.0,,CS4
63630,tow_completed,15.0,383.0,RW36C
63630,tug_to_charger,15.0,,CS4
63648,request_created,,387.0,D4
63648,tug_assigned,25.0,387.0,D4
63653,tow_completed,20.0,363.0,D5
63653,tug_to_charger,20.0,,CS1
63667,request_created,,390.0,D10
63667,tug_assigned,23.0,390.0,D10
63690,request_created,,389.0,RW18C
63690,tug_assigned,0.0,389.0,RW18C
63716,tow_completed,1.0,362.0,RW36L
63716,tug_to_charger,1.0,,CS2
63743,tow_completed,5.0,371.0,RW36R
63743,tug_to_charger,5.0,,CS2
63747,tow_started,25.0,387.0,D4
63773,tow_started,23.0,390.0,D10
63783,tug_charging_started,28.0,,CS1
63784,tug_charging_started,20.0,,CS1
63821,tow_completed,21.0,356.0,F1
63821,tug_repositioning,21.0,,PIER_C
63833,tow_started,9.0,388.0,M6
63838,tow_completed,3.0,378.0,B3
63838,tug_to_charger,3.0,,CS4
63906,request_created,,392.0,RW22
63907,tug_assigned,17.0,392.0,RW22
63941,tow_completed,7.0,385.0,RW27
63941,tug_repositioning,7.0,,PIER_H
63942,request_created,,391.0,RW36L
63942,tug_assigned,29.0,391.0,RW36L
63963,tug_charging_started,12.0,,CS1
64054,tug_charging_started,15.0,,CS4
64056,tug_charging_started,3.0,,CS4
64068,request_created,,393.0,RW24
64068,tug_assigned,4.0,393.0,RW24
64082,tow_completed,26.0,372.0,RW36L
64082,tug_repositioning,26.0,,PIER_E
64107,tow_started,0.0,389.0,RW18C
64109,tug_charging_ended,19.0,,CS4
64109,tug_repositioning,19.0,,PIER_M
64110,tow_started,27.0,386.0,F3
64185,tug_to_charger,26.0,,CS3
64207,tow_started,17.0,392.0,RW22
64244,tug_charging_ended,20.0,,CS1
64244,tug_repositioning,20.0,,PIER_B
64247,request_created,,394.0,M2
64247,tug_assigned,19.0,394.0,M2
64261,tow_started,19.0,394.0,M2
64270,tug_charging_ended,28.0,,CS1
64270,tug_repositioning,28.0,,PIER_M
64279,request_created,,396.0,RW36L
64279,tug_assigned,21.0,396.0,RW36L
64291,tow_completed,25.0,387.0,RW18L
64291,tug_repositioning,25.0,,PIER_F
64301,tow_completed,14.0,381.0,D9
64301,tug_repositioning,14.0,,PIER_F
64307,request_created,,395.0,RW18C
64307,tug_assigned,20.0,395.0,RW18C
64339,tug_charging_started,5.0,,CS2
64348,tow_completed,11.0,367.0,RW18R
64348,tug_repositioning,11.0,,PIER_B
64352,tow_started,29.0,391.0,RW36L
64370,request_created,,398.0,RW22
64370,tug_assigned,28.0,398.0,RW22
64376,request_created,,397.0,RW36C
64376,tug_assigned,18.0,397.0,RW36C
64377,tug_charging_started,1.0,,CS2
64431,tow_completed,10.0,384.0,RW36L
64431,tug_to_charger,10.0,,CS3
64440,tow_started,4.0,393.0,RW24
64451,tug_charging_ended,12.0,,CS1
64451,tug_repositioning,12.0,,PIER_C
64517,tug_to_charger,11.0,,CS4
64519,request_created,,400.0,E2
64519,tug_assigned,7.0,400.0,E2
64528,tug_charging_ended,15.0,,CS4
64528,tug_repositioning,15.0,,PIER_M
64535,request_created,,401.0,RW27
64535,tug_assigned,12.0,401.0,RW27
64537,request_created,,399.0,M3
64538,tug_assigned,15.0,399.0,M3
64560,tug_charging_ended,3.0,,CS4
64560,tug_repositioning,3.0,,PIER_G
64579,tow_started,15.0,399.0,M3
64603,tow_started,18.0,397.0,RW36C
64619,request_created,,402.0,H2
64619,tug_assigned,22.0,402.0,H2
64623,tow_completed,13.0,373.0,M3
64623,tug_repositioning,13.0,,PIER_E
64628,tow_started,7.0,400.0,E2
64633,tow_started,22.0,402.0,H2
64674,tow_completed,24.0,369.0,RW18R
64674,tug_repositioning,24.0,,PIER_B
64702,request_created,,404.0,D4
64702,tug_assigned,25.0,404.0,D4
64717,tow_started,28.0,398.0,RW22
64724,tow_started,20.0,395.0,RW18C
64738,request_created,,403.0,F7
64738,tug_assigned,13.0,403.0,F7
64751,tow_completed,27.0,386.0,RW22
64751,tug_repositioning,27.0,,PIER_H
64752,tow_completed,23.0,390.0,RW24
64752,tug_repositioning,23.0,,PIER_M
64762,request_created,,405.0,D1
64762,tug_assigned,8.0,405.0,D1
64787,tow_started,13.0,403.0,F7
64787,tow_completed,15.0,399.0,RW04
64787,tug_repositioning,15.0,,PIER_M
64801,tow_started,25.0,404.0,D4
64808,tug_charging_ended,5.0,,CS2
64808,tug_repositioning,5.0,,PIER_D
64823,tow_completed,19.0,394.0,RW22
64823,tug_repositioning,19.0,,PIER_M
64825,tow_completed,17.0,392.0,M6
64825,tug_repositioning,17.0,,PIER_F
64830,request_created,,406.0,F7
64830,tug_assigned,27.0,406.0,F7
64836,tow_completed,6.0,376.0,RW18R
64836,tug_repositioning,6.0,,PIER_H
64842,tow_started,8.0,405.0,D1
64859,tow_completed,9.0,388.0,RW36R
64859,tug_repositioning,9.0,,PIER_M
64873,tug_charging_ended,1.0,,CS2
64873,tug_repositioning,1.0,,PIER_D
64873,request_created,,407.0,RW09
64873,tug_assigned,14.0,407.0,RW09
64877,request_created,,408.0,D5
64877,tug_assigned,23.0,408.0,D5
64880,tow_started,21.0,396.0,RW36L
64889,tow_completed,22.0,402.0,RW18L
64889,tug_repositioning,22.0,,PIER_H
64913,tug_charging_started,26.0,,CS3
65007,tow_started,12.0,401.0,RW27
65027,request_created,,409.0,RW22
65027,tug_assigned,19.0,409.0,RW22
65159,tug_charging_started,10.0,,CS3
65179,tow_started,27.0,406.0,F7
65228,tow_started,19.0,409.0,RW22
65280,tow_started,14.0,407.0,RW09
65314,tow_completed,18.0,397.0,D8
65314,tug_repositioning,18.0,,PIER_B
65324,tow_completed,0.0,389.0,G5
65324,tug_to_charger,0.0,,CS1
65332,tow_started,23.0,408.0,D5
65354,tow_completed,13.0,403.0,RW06
65354,tug_repositioning,13.0,,PIER_E
65364,tow_completed,4.0,393.0,E1
65364,tug_to_charger,4.0,,CS1
65385,tug_charging_ended,26.0,,CS3
65385,tug_repositioning,26.0,,PIER_E
65453,tug_to_charger,6.0,,CS3
65456,tow_completed,25.0,404.0,RW36C
65456,tug_to_charger,25.0,,CS2
65502,tug_charging_started,4.0,,CS1
65521,request_created,,410.0,D5
65521,tug_assigned,1.0,410.0,D5
65538,tug_charging_started,0.0,,CS1
65542,tow_completed,28.0,398.0,D6
65542,tug_repositioning,28.0,,PIER_M
65556,tow_started,1.0,410.0,D5
65595,request_created,,412.0,F1
65595,tug_assigned,5.0,412.0,F1
65617,request_created,,411.0,C2
65617,tug_assigned,26.0,411.0,C2
65660,tug_charging_started,11.0,,CS4
65670,tug_charging_ended,10.0,,CS3
65670,tug_repositioning,10.0,,PIER_D
65673,tow_started,5.0,412.0,F1
65706,tow_completed,7.0,400.0,RW18C
65706,tug_to_charger,7.0,,CS4
65706,tow_started,26.0,411.0,C2
65729,tow_completed,23.0,408.0,RW06
65729,tug_repositioning,23.0,,PIER_M
65756,tow_completed,8.0,405.0,RW27
65756,tug_to_charger,8.0,,CS1
65777,tug_charging_started,25.0,,CS2
65805,request_created,,413.0,H1
65805,tug_assigned,3.0,413.0,H1
65838,tow_started,3.0,413.0,H1
65869,tow_completed,19.0,409.0,F3
65869,tug_repositioning,19.0,,PIER_M
65879,tow_completed,29.0,391.0,H4
65879,tug_to_charger,29.0,,CS2
65885,tow_completed,20.0,395.0,G1
65885,tug_repositioning,20.0,,PIER_B
65961,request_created,,415.0,D5
65961,tug_assigned,10.0,415.0,D5
65976,request_created,,414.0,RW36L
65976,tug_assigned,15.0,414.0,RW36L
65980,tug_charging_started,6.0,,CS3
65996,tow_started,10.0,415.0,D5
66004,tug_charging_ended,4.0,,CS1
66004,tug_repositioning,4.0,,PIER_B
66019,tow_completed,12.0,401.0,D8
66019,tug_repositioning,12.0,,PIER_C
66021,tug_charging_ended,0.0,,CS1
66021,tug_repositioning,0.0,,PIER_B
66032,tow_completed,14.0,407.0,H4
66032,tug_to_charger,14.0,,CS3
66059,tug_charging_started,29.0,,CS2
66070,request_created,,416.0,RW06
66070,tug_assigned,20.0,416.0,RW06
66139,tug_charging_started,14.0,,CS3
66145,tug_charging_ended,11.0,,CS4
66145,tug_repositioning,11.0,,PIER_B
66172,request_created,,417.0,G5
66172,tug_assigned,19.0,417.0,G5
66185,tow_started,20.0,416.0,RW06
66248,tug_charging_started,8.0,,CS1
66260,tow_started,19.0,417.0,G5
66260,request_created,,418.0,RW24
66260,tug_assigned,17.0,418.0,RW24
66267,tug_charging_ended,25.0,,CS2
66267,tug_repositioning,25.0,,PIER_D
66286,tow_completed,5.0,412.0,RW22
66286,tug_repositioning,5.0,,PIER_D
66312,tow_completed,21.0,396.0,F1
66312,tug_to_charger,21.0,,CS2
66320,tug_charging_started,7.0,,CS4
66412,tug_charging_started,21.0,,CS2
66446,tug_charging_ended,6.0,,CS3
66446,tug_repositioning,6.0,,PIER_H
66512,tow_completed,20.0,416.0,C2
66512,tug_repositioning,20.0,,PIER_B
66548,tow_completed,3.0,413.0,RW09
66548,tug_repositioning,3.0,,PIER_G
66555,tug_charging_ended,29.0,,CS2
66555,tug_repositioning,29.0,,PIER_B
66558,request_created,,419.0,RW36C
66558,tug_assigned,0.0,419.0,RW36C
66632,tug_charging_ended,14.0,,CS3
66632,tug_repositioning,14.0,,PIER_F
66693,request_created,,420.0,C7
66693,tug_assigned,11.0,420.0,C7
66695,tow_completed,27.0,406.0,RW36L
66695,tug_repositioning,27.0,,PIER_H
66720,tow_started,15.0,414.0,RW36L
66734,tow_completed,26.0,411.0,RW09
66734,tug_repositioning,26.0,,PIER_E
66737,tug_charging_ended,8.0,,CS1
66737,tug_repositioning,8.0,,PIER_B
66751,tow_started,17.0,418.0,RW24
66777,tow_started,11.0,420.0,C7
66785,tow_started,0.0,419.0,RW36C
66812,request_created,,421.0,M5
66812,tug_assigned,8.0,421.0,M5
66840,tug_charging_ended,7.0,,CS4
66840,tug_repositioning,7.0,,PIER_H
66845,request_created,,422.0,RW36R
66845,tug_assigned,7.0,422.0,RW36R
66904,tug_charging_ended,21.0,,CS2
66904,tug_repositioning,21.0,,PIER_C
66905,tow_completed,1.0,410.0,RW36L
66905,tug_repositioning,1.0,,PIER_D
66905,tow_completed,10.0,415.0,RW24
66905,tug_repositioning,10.0,,PIER_D
67024,tow_started,8.0,421.0,M5
67096,request_created,,424.0,RW04
67096,tug_assigned,14.0,424.0,RW04
67109,request_created,,423.0,M4
67109,tug_assigned,6.0,423.0,M4
67164,tow_started,6.0,423.0,M4
67211,tow_started,14.0,424.0,RW04
67304,request_created,,425.0,F5
67304,tug_assigned,25.0,425.0,F5
67335,request_created,,426.0,D9
67335,tug_assigned,5.0,426.0,D9
67336,tow_started,7.0,422.0,RW36R
67378,tow_completed,19.0,417.0,RW24
67378,tug_repositioning,19.0,,PIER_M
67398,tow_started,5.0,426.0,D9
67410,tow_started,25.0,425.0,F5
67416,tow_completed,14.0,424.0,G3
67416,tug_repositioning,14.0,,PIER_F
67436,request_created,,427.0,D8
67436,tug_assigned,26.0,427.0,D8
67440,tow_completed,0.0,419.0,D4
67440,tug_repositioning,0.0,,PIER_B
67492,request_created,,428.0,H2
67492,tug_assigned,0.0,428.0,H2
67515,request_created,,429.0,E4
67515,tug_assigned,29.0,429.0,E4
67528,tow_started,26.0,427.0,D8
67636,tow_started,0.0,428.0,H2
67652,tow_started,29.0,429.0,E4
67663,request_created,,431.0,C3
67663,tug_assigned,22.0,431.0,C3
67678,request_created,,430.0,RW24
67678,tug_assigned,4.0,430.0,RW24
67686,tow_completed,11.0,420.0,RW24
67686,tug_repositioning,11.0,,PIER_B
67719,request_created,,432.0,M6
67719,tug_assigned,28.0,432.0,M6
67761,tow_started,28.0,432.0,M6
67826,tow_completed,25.0,425.0,RW18L
67826,tug_repositioning,25.0,,PIER_F
67853,tow_started,22.0,431.0,C3
67877,request_created,,433.0,RW36R
67877,tug_assigned,3.0,433.0,RW36R
67901,tow_completed,8.0,421.0,RW36C
67901,tug_repositioning,8.0,,PIER_B
67903,tow_completed,17.0,418.0,M4
67903,tug_repositioning,17.0,,PIER_F
67938,tow_completed,15.0,414.0,B6
67938,tug_repositioning,15.0,,PIER_M
67966,request_created,,434.0,C7
67966,tug_assigned,21.0,434.0,C7
67967,tow_completed,26.0,427.0,RW06
67967,tug_repositioning,26.0,,PIER_E
68015,tow_started,21.0,434.0,C7
68027,tow_completed,6.0,423.0,RW36C
68027,tug_repositioning,6.0,,PIER_H
68050,tow_started,4.0,430.0,RW24
68081,request_created,,435.0,RW36R
68081,tug_assigned,25.0,435.0,RW36R
68145,tow_completed,0.0,428.0,RW22
68145,tug_repositioning,0.0,,PIER_B
68148,request_created,,436.0,RW18L
68148,tug_assigned,10.0,436.0,RW18L
68228,request_created,,437.0,RW18C
68228,tug_assigned,12.0,437.0,RW18C
68347,tow_started,3.0,433.0,RW36R
68363,tow_completed,5.0,426.0,RW24
68363,tug_repositioning,5.0,,PIER_D
68374,request_created,,438.0,C2
68374,tug_assigned,8.0,438.0,C2
68392,tow_started,10.0,436.0,RW18L
68412,tow_completed,21.0,434.0,RW06
68412,tug_repositioning,21.0,,PIER_C
68417,tow_completed,22.0,431.0,RW36C
68417,tug_repositioning,22.0,,PIER_H
68423,tow_started,8.0,438.0,C2
68430,request_created,,439.0,RW09
68430,tug_assigned,15.0,439.0,RW09
68523,request_created,,441.0,C4
68523,tug_assigned,11.0,441.0,C4
68532,request_created,,440.0,RW09
68532,tug_assigned,6.0,440.0,RW09
68580,request_created,,442.0,RW18R
68580,tug_assigned,21.0,442.0,RW18R
68584,tow_started,25.0,435.0,RW36R
68586,tow_started,11.0,441.0,C4
68618,tow_completed,7.0,422.0,B4
68618,tug_repositioning,7.0,,PIER_H
68618,tow_completed,29.0,429.0,RW24
68618,tug_repositioning,29.0,,PIER_B
68679,tow_started,12.0,437.0,RW18C
68702,tow_completed,10.0,436.0,M2
68702,tug_repositioning,10.0,,PIER_D
68751,tow_started,15.0,439.0,RW09
68880,tow_started,6.0,440.0,RW09
68890,request_created,,443.0,C2
68890,tug_assigned,0.0,443.0,C2
68939,tow_started,0.0,443.0,C2
68958,request_created,,445.0,G3
68958,tug_assigned,7.0,445.0,G3
68968,request_created,,446.0,RW09
68968,tug_assigned,19.0,446.0,RW09
68970,request_created,,444.0,RW22
68970,tug_assigned,14.0,444.0,RW22
69005,tow_started,7.0,445.0,G3
69178,request_created,,447.0,RW24
69178,tug_assigned,10.0,447.0,RW24
69185,request_created,,448.0,RW36L
69185,tug_assigned,1.0,448.0,RW36L
69186,tow_completed,4.0,430.0,H4
69186,tug_repositioning,4.0,,PIER_B
69217,request_created,,449.0,RW36L
69217,tug_assigned,24.0,449.0,RW36L
69270,tow_started,14.0,444.0,RW22
69289,tow_started,19.0,446.0,RW09
69345,request_created,,450.0,D3
69345,tug_assigned,23.0,450.0,D3
69391,request_created,,452.0,RW27
69391,tug_assigned,9.0,452.0,RW27
69408,request_created,,453.0,RW24
69408,tug_assigned,4.0,453.0,RW24
69410,request_created,,451.0,RW36L
69410,tug_assigned,26.0,451.0,RW36L
69446,request_created,,454.0,D4
69446,tug_assigned,27.0,454.0,D4
69523,tow_started,23.0,450.0,D3
69532,tow_completed,0.0,443.0,RW18L
69532,tug_repositioning,0.0,,PIER_B
69561,tow_started,21.0,442.0,RW18R
69583,tow_completed,7.0,445.0,RW06
69583,tug_repositioning,7.0,,PIER_H
69598,tow_started,10.0,447.0,RW24
69604,tow_completed,25.0,435.0,F1
69604,tug_repositioning,25.0,,PIER_F
69604,tow_started,27.0,454.0,D4
69616,request_created,,455.0,RW22
69616,tug_assigned,25.0,455.0,RW22
69630,request_created,,456.0,RW06
69630,tug_assigned,29.0,456.0,RW06
69653,tow_completed,8.0,438.0,RW36L
69653,tug_repositioning,8.0,,PIER_B
69656,tow_completed,3.0,433.0,C6
69656,tug_repositioning,3.0,,PIER_G
69684,tow_started,9.0,452.0,RW27
69737,request_created,,457.0,D7
69737,tug_assigned,7.0,457.0,D7
69745,tow_started,29.0,456.0,RW06
69760,tow_completed,15.0,439.0,B1
69760,tug_repositioning,15.0,,PIER_M
69780,tow_started,4.0,453.0,RW24
69784,tow_started,24.0,449.0,RW36L
69809,request_created,,458.0,G5
69809,tug_assigned,15.0,458.0,G5
69825,tow_started,1.0,448.0,RW36L
69844,tow_completed,11.0,441.0,RW36L
69844,tug_repositioning,11.0,,PIER_B
69859,tow_started,7.0,457.0,D7
69916,tow_started,25.0,455.0,RW22
69950,tow_completed,12.0,437.0,M6
69950,tug_repositioning,12.0,,PIER_C
69961,tow_completed,6.0,440.0,D9
69961,tug_repositioning,6.0,,PIER_H
70001,tow_started,15.0,458.0,G5
70041,request_created,,460.0,E4
70041,tug_assigned,5.0,460.0,E4
70057,request_created,,461.0,RW18C
70057,tug_assigned,2.0,461.0,RW18C
70076,request_created,,459.0,B1
70076,tug_assigned,12.0,459.0,B1
70085,tow_started,26.0,451.0,RW36L
70092,tow_completed,28.0,432.0,RW18R
70092,tug_repositioning,28.0,,PIER_M
70105,tow_started,5.0,460.0,E4
70142,tow_completed,29.0,456.0,D5
70142,tug_repositioning,29.0,,PIER_B
70144,tow_completed,14.0,444.0,C4
70144,tug_repositioning,14.0,,PIER_F
70164,tow_completed,23.0,450.0,RW36C
70164,tug_repositioning,23.0,,PIER_M
70173,tow_completed,19.0,446.0,F5
70173,tug_repositioning,19.0,,PIER_M
70208,request_created,,462.0,H5
70208,tug_assigned,6.0,462.0,H5
70243,tow_started,6.0,462.0,H5
70256,request_created,,463.0,M4
70256,tug_assigned,19.0,463.0,M4
70260,tow_started,12.0,459.0,B1
70311,request_created,,464.0,RW22
70311,tug_assigned,3.0,464.0,RW22
70337,tow_started,19.0,463.0,M4
70480,request_created,,465.0,RW18L
70480,tug_assigned,0.0,465.0,RW18L
70539,request_created,,466.0,RW36C
70539,tug_assigned,29.0,466.0,RW36C
70577,tow_started,3.0,464.0,RW22
70597,tow_completed,9.0,452.0,E6
70597,tug_repositioning,9.0,,PIER_M
70631,tow_started,2.0,461.0,RW18C
70649,tow_completed,10.0,447.0,F5
70649,tug_repositioning,10.0,,PIER_D
70714,request_created,,468.0,H1
70714,tug_assigned,11.0,468.0,H1
70725,request_created,,467.0,M1
70725,tug_assigned,10.0,467.0,M1
70763,tow_started,0.0,465.0,RW18L
70766,tow_started,29.0,466.0,RW36C
70778,request_created,,469.0,RW18C
70778,tug_assigned,28.0,469.0,RW18C
70797,tow_completed,25.0,455.0,D10
70797,tug_repositioning,25.0,,PIER_F
70804,request_created,,470.0,B1
70804,tug_assigned,8.0,470.0,B1
70808,tow_completed,27.0,454.0,RW36R
70808,tug_repositioning,27.0,,PIER_H
70811,tow_started,8.0,470.0,B1
70854,tow_started,10.0,467.0,M1
70884,tow_completed,4.0,453.0,G4
70884,tug_repositioning,4.0,,PIER_B
70890,tow_started,11.0,468.0,H1
70982,request_created,,471.0,RW09
70982,tug_assigned,14.0,471.0,RW09
70990,tow_completed,5.0,460.0,RW27
70990,tug_repositioning,5.0,,PIER_D
71105,tow_completed,7.0,457.0,RW36R
71105,tug_repositioning,7.0,,PIER_H
71119,tow_completed,15.0,458.0,RW24
71119,tug_repositioning,15.0,,PIER_M
71150,request_created,,472.0,G2
71150,tug_assigned,5.0,472.0,G2
71161,tow_completed,24.0,449.0,D7
71161,tug_repositioning,24.0,,PIER_B
71201,tow_completed,6.0,462.0,RW36R
71201,tug_repositioning,6.0,,PIER_H
71207,tow_completed,0.0,465.0,F7
71207,tug_repositioning,0.0,,PIER_B
71229,request_created,,473.0,RW18C
71229,tug_assigned,13.0,473.0,RW18C
71247,tow_completed,26.0,451.0,B2
71247,tug_repositioning,26.0,,PIER_E
71247,tow_started,28.0,469.0,RW18C
71279,tow_completed,8.0,470.0,RW36C
71279,tug_repositioning,8.0,,PIER_B
71352,tow_completed,1.0,448.0,H4
71352,tug_repositioning,1.0,,PIER_D
71362,request_created,,474.0,B2
71362,tug_assigned,24.0,474.0,B2
71374,tow_completed,3.0,464.0,D4
71374,tug_repositioning,3.0,,PIER_H
71376,tow_started,24.0,474.0,B2
71389,tow_started,14.0,471.0,RW09
71463,tow_completed,29.0,466.0,D7
71463,tug_repositioning,29.0,,PIER_B
71510,tow_started,5.0,472.0,G2
71527,request_created,,476.0,RW22
71527,tug_assigned,7.0,476.0,RW22
71538,request_created,,475.0,RW36L
71538,tug_assigned,29.0,475.0,RW36L
71580,tow_completed,19.0,463.0,RW18C
71580,tug_repositioning,19.0,,PIER_M
71608,request_created,,477.0,RW09
71608,tug_assigned,4.0,477.0,RW09
71680,tow_completed,2.0,461.0,D5
71680,tug_to_charger,2.0,,CS3
71728,tow_started,7.0,476.0,RW22
71754,tow_started,13.0,473.0,RW18C
71792,tow_completed,11.0,468.0,RW36R
71792,tug_repositioning,11.0,,PIER_B
71805,tug_charging_started,2.0,,CS3
71862,tow_completed,21.0,442.0,H5
71862,tug_repositioning,21.0,,PIER_C
71881,request_created,,478.0,M5
71881,tug_assigned,15.0,478.0,M5
71916,tow_started,15.0,478.0,M5
71935,request_created,,479.0,D4
71935,tug_assigned,1.0,479.0,D4
71963,tow_started,1.0,479.0,D4
72062,request_created,,480.0,RW18C
72062,tug_assigned,21.0,480.0,RW18C
72106,tow_started,4.0,477.0,RW09
72147,tow_completed,24.0,474.0,RW24
72147,tug_repositioning,24.0,,PIER_B
72168,tow_completed,12.0,459.0,RW18R
72168,tug_repositioning,12.0,,PIER_C
72178,tow_started,29.0,475.0,RW36L
72305,tow_completed,5.0,472.0,RW36C
72305,tug_repositioning,5.0,,PIER_D
72309,tug_charging_ended,2.0,,CS3
72309,tug_repositioning,2.0,,PIER_G
72315,request_created,,481.0,RW18R
72315,tug_assigned,0.0,481.0,RW18R
72319,request_created,,482.0,F7
72319,tug_assigned,20.0,482.0,F7
72344,tow_completed,14.0,471.0,E5
72344,tug_repositioning,14.0,,PIER_F
72352,tow_completed,28.0,469.0,D9
72352,tug_repositioning,28.0,,PIER_M
72355,tow_completed,10.0,467.0,RW36L
72355,tug_repositioning,10.0,,PIER_D
72430,request_created,,483.0,RW06
72430,tug_assigned,11.0,483.0,RW06
72511,tow_started,20.0,482.0,F7
72545,tow_started,11.0,483.0,RW06
72552,tow_started,21.0,480.0,RW18C
72603,tow_completed,7.0,476.0,B4
72603,tug_repositioning,7.0,,PIER_H
72613,request_created,,484.0,RW22
72613,tug_assigned,25.0,484.0,RW22
72614,request_created,,485.0,D7
72614,tug_assigned,2.0,485.0,D7
72689,request_created,,486.0,E1
72689,tug_assigned,5.0,486.0,E1
72732,tow_started,5.0,486.0,E1
72747,tow_completed,13.0,473.0,D1
72747,tug_to_charger,13.0,,CS2
72768,tow_started,2.0,485.0,D7
72776,tug_charging_started,13.0,,CS2
72790,tow_completed,4.0,477.0,M3
72790,tug_repositioning,4.0,,PIER_B
72913,tow_started,25.0,484.0,RW22
72974,tow_completed,1.0,479.0,RW09
72974,tug_repositioning,1.0,,PIER_D
73022,request_created,,488.0,RW18C
73022,tug_assigned,8.0,488.0,RW18C
73052,request_created,,487.0,RW22
73052,tug_assigned,14.0,487.0,RW22
73155,tow_completed,11.0,483.0,H3
73155,tug_repositioning,11.0,,PIER_B
73173,tow_completed,15.0,478.0,RW18C
73173,tug_repositioning,15.0,,PIER_M
73262,tow_started,0.0,481.0,RW18R
73276,tug_charging_ended,13.0,,CS2
73276,tug_repositioning,13.0,,PIER_E
73352,tow_started,14.0,487.0,RW22
73367,tow_completed,20.0,482.0,RW27
73367,tug_repositioning,20.0,,PIER_B
73385,request_created,,489.0,F6
73385,tug_assigned,19.0,489.0,F6
73439,tow_started,8.0,488.0,RW18C
73457,request_created,,491.0,H4
73457,tug_assigned,6.0,491.0,H4
73459,tow_completed,25.0,484.0,G1
73459,tug_repositioning,25.0,,PIER_F
73472,request_created,,490.0,RW27
73472,tug_assigned,20.0,490.0,RW27
73473,tow_started,20.0,490.0,RW27
73480,request_created,,492.0,RW24
73480,tug_assigned,26.0,492.0,RW24
73485,tow_started,6.0,491.0,H4
73487,request_created,,493.0,RW36L
73487,tug_assigned,4.0,493.0,RW36L
73505,request_created,,495.0,M4
73505,tug_assigned,3.0,495.0,M4
73513,tow_started,19.0,489.0,F6
73517,request_created,,494.0,RW27
73517,tug_assigned,7.0,494.0,RW27
73560,tow_started,3.0,495.0,M4
73610,tow_completed,29.0,475.0,F1
73610,tug_repositioning,29.0,,PIER_B
73658,tow_completed,21.0,480.0,E4
73658,tug_repositioning,21.0,,PIER_C
73837,tow_started,7.0,494.0,RW27
73861,tow_completed,14.0,487.0,H2
73861,tug_repositioning,14.0,,PIER_F
73897,request_created,,497.0,E3
73897,tug_assigned,13.0,497.0,E3
73907,request_created,,496.0,C2
73907,tug_assigned,29.0,496.0,C2
73918,tow_started,13.0,497.0,E3
73935,tow_started,26.0,492.0,RW24
73956,tow_started,29.0,496.0,C2
73979,request_created,,498.0,B1
73979,tug_assigned,28.0,498.0,B1
74022,tow_completed,6.0,491.0,RW22
74022,tug_repositioning,6.0,,PIER_H
74054,tow_started,4.0,493.0,RW36L
74087,request_created,,499.0,C5
74087,tug_assigned,14.0,499.0,C5
74145,tow_completed,2.0,485.0,RW36L
74145,tug_repositioning,2.0,,PIER_G
74155,tow_completed,20.0,490.0,H3
74155,tug_repositioning,20.0,,PIER_B
74163,tow_started,28.0,498.0,B1
74232,tow_started,14.0,499.0,C5
74423,request_created,,500.0,F1
74423,tug_assigned,25.0,500.0,F1
74430,tow_started,25.0,500.0,F1
74443,request_created,,501.0,G3
74443,tug_assigned,1.0,501.0,G3
74465,tow_completed,7.0,494.0,M3
74465,tug_repositioning,7.0,,PIER_H
74569,tow_started,1.0,501.0,G3
74599,tow_completed,8.0,488.0,F3
74599,tug_repositioning,8.0,,PIER_B
74603,tow_completed,19.0,489.0,RW36R
74603,tug_repositioning,19.0,,PIER_M
74674,tow_completed,25.0,500.0,RW04
74674,tug_repositioning,25.0,,PIER_F
74712,tow_completed,3.0,495.0,RW24
74712,tug_repositioning,3.0,,PIER_H
74751,tow_completed,14.0,499.0,RW04
74751,tug_repositioning,14.0,,PIER_F
74856,tow_completed,5.0,486.0,RW18R
74856,tug_repositioning,5.0,,PIER_D
74886,tow_completed,26.0,492.0,D8
74886,tug_repositioning,26.0,,PIER_E
74991,request_created,,502.0,C1
74991,request_created,,503.0,D1
74991,tug_assigned,21.0,502.0,C1
74991,tug_assigned,10.0,503.0,D1
74998,tow_started,10.0,503.0,D1
74998,tow_started,21.0,502.0,C1
75037,tow_completed,13.0,497.0,RW36R
75037,tug_repositioning,13.0,,PIER_E
75069,request_created,,504.0,G1
75069,tug_assigned,20.0,504.0,G1
75143,tow_completed,1.0,501.0,RW22
75143,tug_repositioning,1.0,,PIER_D
75233,tow_started,20.0,504.0,G1
75510,tow_completed,0.0,481.0,G3
75510,tug_repositioning,0.0,,PIER_B
75579,request_created,,505.0,E8
75579,tug_assigned,13.0,505.0,E8
75583,tow_completed,4.0,493.0,M3
75583,tug_repositioning,4.0,,PIER_B
75635,tow_started,13.0,505.0,E8
75643,request_created,,506.0,D4
75643,tug_assigned,3.0,506.0,D4
75801,tow_started,3.0,506.0,D4
75912,tow_completed,10.0,503.0,RW27
75912,tug_repositioning,10.0,,PIER_D
75918,request_created,,507.0,RW18R
75918,tug_assigned,14.0,507.0,RW18R
75946,tow_completed,29.0,496.0,RW18R
75946,tug_repositioning,29.0,,PIER_B
75956,tow_completed,21.0,502.0,RW27
75956,tug_repositioning,21.0,,PIER_C
76048,tow_completed,13.0,505.0,RW04
76048,tug_repositioning,13.0,,PIER_E
76071,tow_completed,28.0,498.0,RW18R
76071,tug_repositioning,28.0,,PIER_M
76080,request_created,,509.0,RW27
76080,tug_assigned,21.0,509.0,RW27
76081,tow_started,21.0,509.0,RW27
76137,request_created,,508.0,RW36L
76137,tug_assigned,2.0,508.0,RW36L
76186,tow_completed,20.0,504.0,RW36R
76186,tug_repositioning,20.0,,PIER_B
76196,request_created,,510.0,C7
76196,tug_assigned,8.0,510.0,C7
76229,tow_completed,3.0,506.0,RW04
76229,tug_repositioning,3.0,,PIER_H
76280,tow_started,8.0,510.0,C7
76677,tow_completed,8.0,510.0,RW06
76677,tug_repositioning,8.0,,PIER_B
76860,tow_started,2.0,508.0,RW36L
76881,tow_completed,21.0,509.0,F3
76881,tug_repositioning,21.0,,PIER_C
76917,request_created,,511.0,G6
76917,tug_assigned,26.0,511.0,G6
77007,tow_started,14.0,507.0,RW18R
77028,tow_started,26.0,511.0,G6
77177,request_created,,513.0,RW24
77177,tug_assigned,11.0,513.0,RW24
77190,request_created,,512.0,RW27
77190,tug_assigned,6.0,512.0,RW27
77510,tow_started,6.0,512.0,RW27
77513,request_created,,514.0,C1
77513,tug_assigned,13.0,514.0,C1
77549,tow_started,11.0,513.0,RW24
77595,tow_started,13.0,514.0,C1
77637,request_created,,515.0,D2
77637,tug_assigned,25.0,515.0,D2
77644,tow_completed,26.0,511.0,RW22
77644,tug_repositioning,26.0,,PIER_E
77722,tow_started,25.0,515.0,D2
77894,request_created,,516.0,F4
77894,tug_assigned,10.0,516.0,F4
77993,tow_started,10.0,516.0,F4
78138,tow_completed,6.0,512.0,M3
78138,tug_repositioning,6.0,,PIER_H
78166,request_created,,517.0,RW22
78166,tug_assigned,6.0,517.0,RW22
78237,tow_completed,2.0,508.0,D7
78237,tug_repositioning,2.0,,PIER_G
78293,request_created,,518.0,RW06
78293,tug_assigned,4.0,518.0,RW06
78408,tow_started,4.0,518.0,RW06
78416,request_created,,519.0,RW04
78416,tug_assigned,3.0,519.0,RW04
78433,tow_started,6.0,517.0,RW22
78472,tow_started,3.0,519.0,RW04
78501,request_created,,520.0,B3
78501,tug_assigned,1.0,520.0,B3
78595,tow_started,1.0,520.0,B3
78625,tow_completed,11.0,513.0,G2
78625,tug_repositioning,11.0,,PIER_B
78648,request_created,,521.0,RW18C
78648,tug_assigned,7.0,521.0,RW18C
78679,request_created,,522.0,D3
78679,tug_assigned,21.0,522.0,D3
78739,tow_started,21.0,522.0,D3
78833,tow_completed,4.0,518.0,D7
78833,tug_repositioning,4.0,,PIER_B
78949,tow_completed,3.0,519.0,C2
78949,tug_repositioning,3.0,,PIER_H
79088,tow_completed,6.0,517.0,F4
79088,tug_repositioning,6.0,,PIER_H
79167,tow_completed,10.0,516.0,RW18C
79167,tug_repositioning,10.0,,PIER_D
79187,tow_completed,14.0,507.0,E5
79187,tug_repositioning,14.0,,PIER_F
79234,tow_started,7.0,521.0,RW18C
79278,request_created,,523.0,B6
79278,tug_assigned,8.0,523.0,B6
79320,tow_started,8.0,523.0,B6
79571,tow_completed,13.0,514.0,RW18R
79571,tug_repositioning,13.0,,PIER_E
79576,tow_completed,1.0,520.0,RW27
79576,tug_repositioning,1.0,,PIER_D
79789,tow_completed,25.0,515.0,RW18R
79789,tug_repositioning,25.0,,PIER_F
79854,tow_completed,8.0,523.0,RW04
79854,tug_repositioning,8.0,,PIER_B
80060,tow_completed,21.0,522.0,RW36L
80060,tug_repositioning,21.0,,PIER_C
80084,request_created,,524.0,D6
80084,tug_assigned,2.0,524.0,D6
80178,tow_completed,7.0,521.0,C3
80178,tug_repositioning,7.0,,PIER_H
80231,tow_started,2.0,524.0,D6
80460,request_created,,525.0,E8
80460,tug_assigned,12.0,525.0,E8
80510,request_created,,526.0,C1
80510,tug_assigned,5.0,526.0,C1
80556,tow_started,5.0,526.0,C1
80591,tow_started,12.0,525.0,E8
80803,tow_completed,2.0,524.0,RW18L
80803,tug_repositioning,2.0,,PIER_G
81311,request_created,,527.0,RW18L
81311,tug_assigned,6.0,527.0,RW18L
81373,tow_completed,12.0,525.0,RW36C
81373,tug_repositioning,12.0,,PIER_C
81425,tow_started,6.0,527.0,RW18L
81472,tow_completed,5.0,526.0,RW18C
81472,tug_repositioning,5.0,,PIER_D
81731,request_created,,529.0,RW24
81731,tug_assigned,20.0,529.0,RW24
81732,request_created,,528.0,RW36R
81732,tug_assigned,0.0,528.0,RW36R
81813,tow_completed,6.0,527.0,F3
81813,tug_repositioning,6.0,,PIER_H
82103,tow_started,20.0,529.0,RW24
82104,request_created,,530.0,RW22
82104,tug_assigned,6.0,530.0,RW22
82251,request_created,,531.0,E3
82251,tug_assigned,14.0,531.0,E3
82285,request_created,,532.0,G3
82285,tug_assigned,2.0,532.0,G3
82306,tow_started,2.0,532.0,G3
82308,tow_started,14.0,531.0,E3
82345,tow_started,0.0,528.0,RW36R
82345,tow_started,6.0,530.0,RW22
82930,tow_completed,20.0,529.0,B6
82930,tug_repositioning,20.0,,PIER_B
82949,tow_completed,6.0,530.0,M5
82949,tug_repositioning,6.0,,PIER_H
83039,tow_completed,2.0,532.0,RW27
83039,tug_repositioning,2.0,,PIER_G
83263,request_created,,533.0,H1
83263,tug_assigned,28.0,533.0,H1
83297,tow_started,28.0,533.0,H1
83427,tow_completed,14.0,531.0,RW36R
83427,tug_repositioning,14.0,,PIER_F
83577,tow_completed,0.0,528.0,D6
83577,tug_repositioning,0.0,,PIER_B
84007,tow_completed,28.0,533.0,RW09
84007,tug_repositioning,28.0,,PIER_M
84008,request_created,,534.0,RW18C
84008,tug_assigned,8.0,534.0,RW18C
84205,request_created,,535.0,RW18C
84205,tug_assigned,13.0,535.0,RW18C
84425,tow_started,8.0,534.0,RW18C
84486,request_created,,536.0,G3
84486,tug_assigned,26.0,536.0,G3
84576,tow_started,26.0,536.0,G3
84730,tow_started,13.0,535.0,RW18C
84781,tow_completed,26.0,536.0,RW04
84781,tug_repositioning,26.0,,PIER_E
85183,request_created,,537.0,B1
85183,tug_assigned,20.0,537.0,B1
85190,tow_started,20.0,537.0,B1
85355,tow_completed,8.0,534.0,C2
85355,tug_repositioning,8.0,,PIER_B
85807,tow_completed,13.0,535.0,D7
85807,tug_repositioning,13.0,,PIER_E
86038,tow_completed,20.0,537.0,RW18C
86038,tug_repositioning,20.0,,PIER_B
