request_id,appear_time,origin_x,origin_y,dest_x,dest_y,region,resolve_time,assigned_tug
1,722,-6000.0,4800.0,0.0,-1320.0,B,1691,0
0,754,1500.0,-300.0,-734.4,-400.6,H,857,11
2,2536,1269.7,-71.9,2000.0,1500.0,H,2636,2
3,2706,978.5,-718.6,1800.0,500.0,F,2841,17
4,3059,-6000.0,1000.0,0.0,-830.0,B,3720,21
5,4276,-6000.0,1000.0,1188.9,212.3,B,4865,16
6,5484,1464.5,261.5,1800.0,500.0,M,5539,7
7,5940,1500.0,-300.0,1395.6,249.2,H,6043,3
8,6933,0.0,-1180.0,2900.0,900.0,D,6997,1
9,7303,1034.5,-298.9,1800.0,500.0,G,7343,3
10,7719,0.0,-1390.0,-6000.0,4800.0,D,7804,5
11,8235,2000.0,1500.0,1188.9,212.3,M,8661,6
12,8357,-2000.0,-500.0,-472.2,-801.2,B,8678,9
13,8848,-472.2,-801.2,1500.0,-300.0,C,8933,4
14,9042,596.5,-1157.8,-2000.0,-500.0,E,9153,26
15,10096,1800.0,-2800.0,-436.6,-740.9,H,10587,19
16,11563,0.0,-1320.0,-1000.0,-1000.0,D,11641,25
17,11905,-6000.0,1000.0,372.1,-722.2,B,12494,8
18,12122,-1500.0,1500.0,1533.5,273.8,M,12520,10
20,12624,0.0,-1460.0,2000.0,1500.0,D,12694,25
19,12630,-6000.0,1000.0,-507.7,-861.5,B,13219,20
21,12842,372.1,-722.2,-1500.0,1500.0,E,12849,26
22,13431,1034.9,-760.0,-2000.0,-500.0,F,13499,18
23,13661,0.0,-1250.0,1800.0,500.0,D,13732,13
24,14149,-611.5,-333.5,1800.0,-2800.0,B,14179,12
25,14436,0.0,-1320.0,-2000.0,2800.0,D,14492,1
26,14487,922.1,-677.2,-1000.0,-1000.0,F,14541,22
27,14624,2000.0,1500.0,372.1,-722.2,M,14965,15
28,14668,372.1,-722.2,-2000.0,-500.0,E,14730,14
29,14675,0.0,-1460.0,-6000.0,4800.0,D,14841,28
30,14805,596.5,-1157.8,1800.0,-2800.0,E,14918,29
31,14859,2900.0,900.0,532.3,-1033.4,H,15100,11
32,15513,-1500.0,1500.0,1464.5,261.5,M,15826,27
33,15596,-6000.0,4800.0,1169.0,-337.7,B,16577,4
34,15648,-2000.0,-500.0,1101.7,-318.3,B,15875,14
35,15811,922.1,-677.2,1800.0,500.0,F,15846,18
36,15989,-1000.0,-1000.0,-795.8,-434.1,B,16104,20
37,16149,-2000.0,2800.0,1269.7,-71.9,B,16566,9
38,16284,2000.0,1500.0,-918.7,-501.1,M,16625,23
39,16509,-3000.0,-2600.0,596.5,-1157.8,B,17000,17
40,16592,1409.4,-79.8,-6000.0,1000.0,H,16654,15
41,16672,1409.4,-79.8,1500.0,-300.0,H,16707,2
42,16689,865.7,-635.7,-1500.0,1500.0,F,16717,22
43,16704,-1000.0,-1000.0,372.1,-722.2,B,16842,24
44,17142,1326.7,236.9,-1500.0,1500.0,M,17216,3
45,17403,-543.2,-921.8,-1000.0,-1000.0,C,17480,24
46,17498,-918.7,-501.1,-1500.0,1500.0,B,17540,12
47,18080,2000.0,1500.0,1169.0,-337.7,M,18401,6
48,18168,978.5,-718.6,-3000.0,-2600.0,F,18296,27
49,18174,-857.3,-467.6,-1500.0,1500.0,B,18244,24
50,18238,1199.8,-67.9,-2000.0,2800.0,H,18252,2
51,18494,2900.0,900.0,1395.6,249.2,H,18761,7
52,18543,-6000.0,1000.0,1303.5,-376.6,B,19110,16
53,18641,922.1,-677.2,-1500.0,1500.0,F,18712,26
54,18681,-2000.0,2800.0,809.3,-594.3,B,18941,15
55,19023,2000.0,1500.0,468.2,-908.9,M,19344,23
56,19289,-401.1,-680.6,2900.0,900.0,C,19342,13
57,19484,1034.9,-760.0,-1500.0,1500.0,F,19533,22
58,19598,2900.0,900.0,-472.2,-801.2,H,19865,10
59,19639,1800.0,-2800.0,1101.7,-318.3,H,20110,7
60,19789,865.7,-635.7,1800.0,500.0,F,19817,17
61,19847,1800.0,-2800.0,1199.8,-67.9,H,20317,3
62,19922,500.3,-971.1,1800.0,-2800.0,E,19957,14
63,19990,-2000.0,2800.0,1199.8,-67.9,B,20407,21
64,20213,-857.3,-467.6,-1500.0,1500.0,B,20248,20
65,20392,1326.7,236.9,-1500.0,1500.0,M,20499,27
66,20441,696.4,-511.4,-1000.0,-1000.0,F,20508,11
67,20452,1101.7,-318.3,-2000.0,2800.0,G,20542,29
68,20475,-2000.0,2800.0,967.2,-279.4,B,20965,28
69,20528,-2000.0,-500.0,-672.9,-367.0,B,20755,9
70,20673,500.3,-971.1,2000.0,1500.0,E,20744,18
71,20676,1533.5,273.8,-1500.0,1500.0,M,20718,15
72,20745,-918.7,-501.1,-1000.0,-1000.0,B,20787,0
75,20856,1500.0,-300.0,809.3,-594.3,H,20912,19
73,20860,-1000.0,-1000.0,1257.8,224.6,B,20975,8
74,20864,-401.1,-680.6,1800.0,500.0,C,20917,1
76,20881,1800.0,500.0,1101.7,-318.3,H,21102,10
77,21036,-1500.0,1500.0,-578.8,-982.2,M,21415,22
79,21060,1395.6,249.2,-6000.0,1000.0,M,21088,23
78,21066,-6000.0,1000.0,-857.3,-467.6,B,21667,13
80,21111,0.0,-970.0,2000.0,1500.0,D,21132,25
81,21474,2900.0,900.0,1326.7,236.9,H,21715,19
82,21775,-918.7,-501.1,-6000.0,1000.0,B,21817,9
83,22021,967.2,-279.4,-6000.0,4800.0,G,22054,7
84,22253,1339.6,-75.8,-6000.0,1000.0,H,22281,2
85,22272,-857.3,-467.6,-6000.0,1000.0,B,22307,24
86,22275,404.1,-784.5,1800.0,-2800.0,E,22325,18
87,22417,1500.0,-300.0,-918.7,-501.1,H,22473,10
88,22491,1800.0,-2800.0,-857.3,-467.6,H,22935,11
89,22788,1800.0,-2800.0,-918.7,-501.1,H,23232,19
90,22822,-672.9,-367.0,-2000.0,2800.0,B,22836,12
91,22883,-1500.0,1500.0,696.4,-511.4,M,23176,27
92,22973,0.0,-830.0,1800.0,500.0,D,22980,5
93,23034,1800.0,500.0,0.0,-830.0,H,23175,6
94,23039,-1000.0,-1000.0,-507.7,-861.5,B,23154,21
95,23053,-472.2,-801.2,-1000.0,-1000.0,C,23116,20
96,23099,468.2,-908.9,-1500.0,1500.0,E,23163,25
97,23128,1800.0,-2800.0,752.8,-552.9,H,23631,22
98,23168,-2000.0,-500.0,404.1,-784.5,B,23395,8
99,23180,-1500.0,1500.0,372.1,-722.2,M,23473,15
100,23240,-3000.0,-2600.0,-365.5,-620.3,B,23612,0
101,23323,1800.0,-2800.0,1257.8,224.6,H,23767,10
102,23484,-1500.0,1500.0,-507.7,-861.5,M,23804,3
103,23633,0.0,-1110.0,-1000.0,-1000.0,D,23668,1
104,24044,1800.0,-2800.0,1034.9,-760.0,H,24547,17
105,24069,-1500.0,1500.0,436.2,-846.7,M,24362,6
106,24275,0.0,-1460.0,-6000.0,1000.0,D,24345,1
107,24409,2900.0,900.0,532.3,-1033.4,H,24756,11
108,24554,-918.7,-501.1,-2000.0,2800.0,B,24596,12
109,24626,1800.0,-2800.0,978.5,-718.6,H,25097,27
110,24663,-1000.0,-1000.0,809.3,-594.3,B,24778,8
111,24737,-401.1,-680.6,-2000.0,2800.0,C,24790,25
112,24788,1500.0,-300.0,-401.1,-680.6,H,24844,2
113,24876,-3000.0,-2600.0,0.0,-1320.0,B,25296,5
114,25022,-6000.0,4800.0,1533.5,273.8,B,25603,7
115,25071,-611.5,-333.5,1800.0,500.0,B,25078,24
116,25089,-1000.0,-1000.0,1169.0,-337.7,B,25239,4
117,25240,696.4,-511.4,2900.0,900.0,F,25283,26
118,25392,-2000.0,-500.0,-734.4,-400.6,B,25619,16
120,25457,-2000.0,2800.0,1326.7,236.9,B,25874,21
119,25459,1800.0,500.0,1326.7,236.9,H,25573,19
121,25518,1199.8,-67.9,-3000.0,-2600.0,H,25532,10
122,25519,-2000.0,-500.0,-795.8,-434.1,B,25746,8
123,25608,809.3,-594.3,2900.0,900.0,F,25629,22
124,25721,1800.0,500.0,0.0,-900.0,H,25862,3
126,25729,-1000.0,-1000.0,0.0,-830.0,B,25844,0
125,25737,-1000.0,-1000.0,752.8,-552.9,B,25852,20
127,25753,1034.5,-298.9,-2000.0,2800.0,G,25767,29
128,25809,1500.0,-300.0,500.3,-971.1,H,25960,14
129,25964,-611.5,-333.5,2900.0,900.0,B,25971,9
130,26117,967.2,-279.4,1800.0,500.0,G,26281,24
132,26165,0.0,-1180.0,-3000.0,-2600.0,D,26246,13
131,26167,468.2,-908.9,1500.0,-300.0,E,26195,18
133,26284,-2000.0,-500.0,1236.2,-357.1,B,26354,1
134,26417,1303.5,-376.6,1800.0,-2800.0,G,26512,23
136,26419,-857.3,-467.6,-6000.0,4800.0,B,26454,12
135,26423,-507.7,-861.5,-2000.0,2800.0,C,26493,0
137,26458,1395.6,249.2,-2000.0,-500.0,M,26513,11
139,26492,-2000.0,2800.0,-507.7,-861.5,B,26909,16
138,26503,2000.0,1500.0,0.0,-970.0,M,26981,5
140,26550,596.5,-1157.8,1800.0,500.0,E,26606,14
141,26614,-472.2,-801.2,1500.0,-300.0,C,26752,17
142,26706,372.1,-722.2,-6000.0,1000.0,E,26713,18
143,26722,-2000.0,2800.0,1188.9,212.3,B,27139,8
144,26897,-1500.0,1500.0,0.0,-1180.0,M,27217,3
145,27013,0.0,-830.0,2000.0,1500.0,D,27020,25
146,27110,532.3,-1033.4,1800.0,-2800.0,E,27152,26
147,27125,-578.8,-982.2,2000.0,1500.0,C,27209,20
148,27184,-6000.0,1000.0,865.7,-635.7,B,27824,28
150,27304,1303.5,-376.6,-2000.0,-500.0,G,27399,27
152,27314,-611.5,-333.5,-6000.0,4800.0,B,27321,24
153,27337,2000.0,1500.0,-795.8,-434.1,M,27685,17
149,27340,2000.0,1500.0,696.4,-511.4,M,27661,6
151,27356,1339.6,-75.8,-1000.0,-1000.0,H,27479,14
154,27387,1800.0,500.0,696.4,-511.4,H,27501,2
155,27438,1409.4,-79.8,-6000.0,4800.0,H,27642,4
156,27675,1500.0,-300.0,1236.2,-357.1,H,27731,19
157,27814,752.8,-552.9,-2000.0,2800.0,F,27862,29
158,28047,2900.0,900.0,696.4,-511.4,H,28288,2
159,28197,865.7,-635.7,-6000.0,1000.0,F,28296,13
160,28292,1500.0,-300.0,0.0,-1110.0,H,28348,19
161,28345,-472.2,-801.2,-6000.0,1000.0,C,28408,21
163,28389,0.0,-1390.0,-1000.0,-1000.0,D,28557,25
162,28405,-672.9,-367.0,2900.0,900.0,B,28419,9
165,28778,1464.5,261.5,-1000.0,-1000.0,M,28813,6
164,28787,-365.5,-620.3,-6000.0,4800.0,C,28833,1
166,28888,-918.7,-501.1,-2000.0,-500.0,B,28930,20
168,29049,1800.0,-2800.0,1199.8,-67.9,H,29493,11
167,29081,0.0,-1040.0,1800.0,-2800.0,D,29109,5
169,29088,1339.6,-75.8,-6000.0,1000.0,H,29116,19
170,29117,1500.0,-300.0,-795.8,-434.1,H,29173,10
171,29161,-3000.0,-2600.0,1464.5,261.5,B,29533,16
172,29172,564.4,-1095.6,-1000.0,-1000.0,E,29221,26
173,29261,-611.5,-333.5,2900.0,900.0,B,29268,8
174,29593,-6000.0,1000.0,436.2,-846.7,B,29973,24
175,29743,1395.6,249.2,-6000.0,1000.0,M,29771,3
176,29811,-672.9,-367.0,2900.0,900.0,B,29825,9
177,29915,1395.6,249.2,2000.0,1500.0,M,29943,23
179,30063,-1500.0,1500.0,967.2,-279.4,M,30356,6
178,30083,1500.0,-300.0,1236.2,-357.1,H,30139,2
180,30088,1800.0,-2800.0,1236.2,-357.1,H,30532,10
181,30237,-6000.0,1000.0,436.2,-846.7,B,30804,0
182,30651,-918.7,-501.1,2000.0,1500.0,B,30693,20
183,30929,2000.0,1500.0,1188.9,212.3,M,31250,15
184,30975,1500.0,-300.0,967.2,-279.4,H,31126,14
185,31015,1034.9,-760.0,1800.0,500.0,F,31064,22
186,31044,-2000.0,-500.0,1257.8,224.6,B,31271,16
188,31170,-6000.0,1000.0,1303.5,-376.6,B,31737,21
187,31188,1800.0,500.0,-543.2,-921.8,H,31302,2
189,31234,-2000.0,-500.0,1303.5,-376.6,B,31461,12
190,31308,404.1,-784.5,-1500.0,1500.0,E,31322,18
191,31352,752.8,-552.9,-2000.0,2800.0,F,31366,14
192,31372,-1000.0,-1000.0,1409.4,-79.8,B,31487,8
194,31382,-1500.0,1500.0,0.0,-1040.0,M,31675,6
193,31401,1339.6,-75.8,-6000.0,1000.0,H,31429,11
195,31557,-1500.0,1500.0,532.3,-1033.4,M,31877,7
196,31557,1800.0,500.0,564.4,-1095.6,H,31698,23
197,31610,-3000.0,-2600.0,1101.7,-318.3,B,32030,13
198,31896,-6000.0,1000.0,1303.5,-376.6,B,32571,26
199,32003,-1500.0,1500.0,922.1,-677.2,M,32296,27
200,32095,696.4,-511.4,1500.0,-300.0,F,32102,22
202,32110,2000.0,1500.0,372.1,-722.2,M,32431,15
203,32116,596.5,-1157.8,-6000.0,1000.0,E,32208,17
201,32121,1034.5,-298.9,-2000.0,-500.0,G,32161,10
205,32438,-795.8,-434.1,-6000.0,1000.0,B,32466,0
204,32445,-1500.0,1500.0,0.0,-970.0,M,32738,3
206,32634,-611.5,-333.5,-6000.0,1000.0,B,32641,28
207,32653,-1500.0,1500.0,1464.5,261.5,M,32973,2
208,32802,1800.0,-2800.0,865.7,-635.7,H,33272,29
209,32885,468.2,-908.9,1800.0,-2800.0,E,33067,14
210,33235,1236.2,-357.1,2000.0,1500.0,G,33323,23
211,33729,1326.7,236.9,2900.0,900.0,M,33750,6
212,33779,2900.0,900.0,1409.4,-79.8,H,34020,19
213,33832,1800.0,-2800.0,0.0,-1250.0,H,34276,2
214,33863,1236.2,-357.1,1500.0,-300.0,G,33951,15
215,33878,2900.0,900.0,696.4,-511.4,H,34178,22
216,33978,-2000.0,-500.0,468.2,-908.9,B,34205,9
217,34105,-6000.0,1000.0,532.3,-1033.4,B,34672,4
218,34208,1395.6,249.2,1800.0,-2800.0,M,34263,10
219,34395,-578.8,-982.2,1800.0,500.0,C,34479,28
220,34413,-2000.0,2800.0,1236.2,-357.1,B,34830,20
223,34476,-1500.0,1500.0,1034.5,-298.9,M,34891,18
221,34481,922.1,-677.2,1800.0,500.0,F,34516,17
222,34485,-2000.0,2800.0,-472.2,-801.2,B,34902,8
224,34534,1500.0,-300.0,436.2,-846.7,H,34550,6
225,34568,2900.0,900.0,-401.1,-680.6,H,34809,11
226,34611,-611.5,-333.5,1800.0,-2800.0,B,34618,16
227,34624,0.0,-1250.0,-2000.0,-500.0,D,34673,5
228,34716,1800.0,500.0,967.2,-279.4,H,34830,19
229,34729,-6000.0,1000.0,1034.5,-298.9,B,35369,13
230,34767,1800.0,-2800.0,1199.8,-67.9,H,35238,3
231,35012,-6000.0,1000.0,0.0,-1180.0,B,35579,12
232,35025,1339.6,-75.8,-3000.0,-2600.0,H,35094,17
234,35051,1500.0,-300.0,596.5,-1157.8,H,35166,22
233,35094,922.1,-677.2,-6000.0,1000.0,F,35165,26
235,35129,1500.0,-300.0,1101.7,-318.3,H,35212,15
236,35227,372.1,-722.2,-6000.0,1000.0,E,35329,19
237,35306,-2000.0,-500.0,1188.9,212.3,B,35606,25
238,35356,-2000.0,2800.0,1236.2,-357.1,B,35773,9
239,35375,1800.0,-2800.0,1479.3,-83.7,H,35846,6
240,35432,967.2,-279.4,-1000.0,-1000.0,G,35596,21
241,35649,922.1,-677.2,-1500.0,1500.0,F,35720,22
242,35718,-472.2,-801.2,-1000.0,-1000.0,C,35821,14
243,35839,1169.0,-337.7,-2000.0,-500.0,G,35972,5
244,35859,-6000.0,4800.0,-857.3,-467.6,B,36983,27
245,35919,1464.5,261.5,1500.0,-300.0,M,36076,18
246,36126,-3000.0,-2600.0,1199.8,-67.9,B,36498,28
247,36207,1800.0,500.0,978.5,-718.6,H,36347,2
248,36263,-1000.0,-1000.0,1199.8,-67.9,B,36378,24
249,36354,1800.0,-2800.0,-795.8,-434.1,H,36798,10
250,36442,1500.0,-300.0,865.7,-635.7,H,36498,11
251,36518,809.3,-594.3,-6000.0,4800.0,F,36575,18
254,36547,532.3,-1033.4,1800.0,-2800.0,E,36589,14
252,36558,1800.0,500.0,809.3,-594.3,H,36956,17
253,36576,596.5,-1157.8,-1000.0,-1000.0,E,36741,4
255,36762,-2000.0,2800.0,922.1,-677.2,B,37179,0
256,37019,-672.9,-367.0,1800.0,500.0,B,37202,2
258,37024,-2000.0,-500.0,0.0,-830.0,B,37420,11
257,37069,596.5,-1157.8,-6000.0,1000.0,E,37194,29
260,37123,-1500.0,1500.0,-918.7,-501.1,M,37416,3
259,37139,-1500.0,1500.0,564.4,-1095.6,M,37432,15
261,37202,2000.0,1500.0,-507.7,-861.5,M,37523,23
262,37394,-6000.0,4800.0,1169.0,-337.7,B,38341,16
263,37761,-3000.0,-2600.0,468.2,-908.9,B,38133,12
264,38039,2900.0,900.0,1303.5,-376.6,H,38280,19
265,38411,-734.4,-400.6,-6000.0,1000.0,B,38432,9
266,38568,967.2,-279.4,1800.0,500.0,G,38609,17
267,38680,1169.0,-337.7,2000.0,1500.0,G,38777,26
268,38723,-6000.0,1000.0,596.5,-1157.8,B,39290,4
269,39020,0.0,-900.0,2900.0,900.0,D,39107,24
270,39512,1199.8,-67.9,-1500.0,1500.0,H,39526,19
271,39839,-2000.0,-500.0,0.0,-1250.0,B,40066,12
272,40103,-6000.0,1000.0,0.0,-970.0,B,40513,9
273,40241,1800.0,-2800.0,404.1,-784.5,H,40712,15
274,40374,-3000.0,-2600.0,0.0,-1390.0,B,40746,0
275,40593,1533.5,273.8,1800.0,500.0,M,40635,6
276,40733,-436.6,-740.9,-6000.0,1000.0,C,40829,14
277,40770,1326.7,236.9,1800.0,500.0,M,40791,3
278,40872,1800.0,-2800.0,0.0,-1320.0,H,41411,18
279,40899,1257.8,224.6,-2000.0,-500.0,M,40913,27
280,41082,-1500.0,1500.0,1479.3,-83.7,M,41442,6
281,41380,1199.8,-67.9,-1500.0,1500.0,H,41394,11
282,42451,1409.4,-79.8,1500.0,-300.0,H,42486,2
283,42740,-672.9,-367.0,2900.0,900.0,B,42754,13
284,42759,1800.0,-2800.0,-543.2,-921.8,H,43203,2
285,42930,1800.0,500.0,865.7,-635.7,H,43071,27
286,43085,922.1,-677.2,-1000.0,-1000.0,F,43156,18
287,43992,1236.2,-357.1,-3000.0,-2600.0,G,44053,19
288,45123,-6000.0,1000.0,696.4,-511.4,B,45690,24
289,45177,1479.3,-83.7,1800.0,-2800.0,H,45219,10
290,45589,0.0,-1180.0,1500.0,-300.0,D,45667,26
291,45668,-3000.0,-2600.0,1169.0,-337.7,B,46040,0
292,45689,1500.0,-300.0,0.0,-830.0,H,45804,17
293,45735,-1500.0,1500.0,1326.7,236.9,M,46028,23
294,45819,1188.9,212.3,1800.0,500.0,M,45826,15
295,46508,-1500.0,1500.0,1236.2,-357.1,M,46801,6
296,46622,1464.5,261.5,2000.0,1500.0,M,46657,3
297,46688,1101.7,-318.3,-1500.0,1500.0,G,46735,17
298,46871,-918.7,-501.1,1800.0,-2800.0,B,46913,28
299,46995,404.1,-784.5,2900.0,900.0,E,47009,26
300,47003,-6000.0,4800.0,564.4,-1095.6,B,47950,13
301,47203,2000.0,1500.0,564.4,-1095.6,M,47524,15
302,47383,-543.2,-921.8,-3000.0,-2600.0,C,47500,14
303,48475,-6000.0,4800.0,922.1,-677.2,B,49422,4
304,49702,-3000.0,-2600.0,0.0,-1320.0,B,50074,12
305,49879,0.0,-900.0,1800.0,500.0,D,49966,28
306,50238,752.8,-552.9,-1000.0,-1000.0,F,50288,18
307,50415,-6000.0,4800.0,1101.7,-318.3,B,51362,0
309,50584,1500.0,-300.0,0.0,-900.0,H,50640,11
308,50607,-2000.0,-500.0,1188.9,212.3,B,50834,24
310,50837,922.1,-677.2,1800.0,-2800.0,F,50908,14
311,50963,865.7,-635.7,1500.0,-300.0,F,51051,17
312,50997,-6000.0,4800.0,0.0,-1110.0,B,52121,27
313,51111,468.2,-908.9,1800.0,500.0,E,51175,12
314,51313,1464.5,261.5,1500.0,-300.0,M,51348,23
315,51703,-6000.0,1000.0,-918.7,-501.1,B,52270,16
316,51902,1800.0,500.0,372.1,-722.2,H,52043,23
318,51910,0.0,-830.0,2900.0,900.0,D,51988,17
317,51939,-6000.0,1000.0,436.2,-846.7,B,52506,28
319,52150,-2000.0,-500.0,436.2,-846.7,B,52377,9
320,52234,1800.0,500.0,1034.5,-298.9,H,52348,11
321,52346,-6000.0,1000.0,0.0,-1320.0,B,53021,26
322,52463,1169.0,-337.7,-2000.0,-500.0,G,52544,3
323,52467,0.0,-1250.0,-2000.0,2800.0,D,52516,25
324,53049,1800.0,500.0,1533.5,273.8,H,53190,23
325,53186,0.0,-830.0,-1000.0,-1000.0,D,53229,14
326,53255,-2000.0,-500.0,1034.9,-760.0,B,53482,24
327,53615,809.3,-594.3,1500.0,-300.0,F,53672,18
328,53821,0.0,-1250.0,1500.0,-300.0,D,54000,10
329,53995,596.5,-1157.8,-6000.0,1000.0,E,54087,17
330,54019,-6000.0,1000.0,0.0,-970.0,B,54586,9
331,54125,2000.0,1500.0,809.3,-594.3,M,54446,23
332,54183,0.0,-970.0,2900.0,900.0,D,54275,18
333,54305,1303.5,-376.6,-6000.0,4800.0,G,54400,15
334,54509,-2000.0,-500.0,-918.7,-501.1,B,54736,12
335,54540,1169.0,-337.7,-6000.0,4800.0,G,54621,6
336,54565,1479.3,-83.7,-6000.0,1000.0,H,54607,11
337,54604,-6000.0,4800.0,1326.7,236.9,B,55551,13
338,54629,-401.1,-680.6,-1500.0,1500.0,C,54678,4
339,54644,404.1,-784.5,-6000.0,1000.0,E,54658,26
340,54716,0.0,-830.0,-3000.0,-2600.0,D,54723,25
341,54731,2900.0,900.0,-795.8,-434.1,H,54972,19
342,54748,-1000.0,-1000.0,-472.2,-801.2,B,54863,16
343,54888,2900.0,900.0,500.3,-971.1,H,55129,2
344,54915,-3000.0,-2600.0,752.8,-552.9,B,55287,24
345,55075,468.2,-908.9,1800.0,500.0,E,55103,14
346,55108,696.4,-511.4,1800.0,-2800.0,F,55415,18
347,55116,436.2,-846.7,-2000.0,2800.0,E,55232,10
348,55272,865.7,-635.7,-2000.0,-500.0,F,55386,3
349,55457,596.5,-1157.8,2000.0,1500.0,E,55635,23
351,55620,1800.0,-2800.0,0.0,-900.0,H,56233,8
350,55659,1169.0,-337.7,-6000.0,1000.0,G,55844,0
352,55692,1034.9,-760.0,1500.0,-300.0,F,55801,14
353,55903,809.3,-594.3,-2000.0,2800.0,F,55967,2
354,55912,1188.9,212.3,-1500.0,1500.0,M,56211,25
355,56042,0.0,-1320.0,-6000.0,4800.0,D,56171,28
356,56219,-507.7,-861.5,2000.0,1500.0,C,56319,17
357,56377,1034.9,-760.0,-2000.0,-500.0,F,56614,3
358,56557,-2000.0,-500.0,436.2,-846.7,B,56784,12
359,56621,2000.0,1500.0,1326.7,236.9,M,56942,27
360,57340,1303.5,-376.6,1500.0,-300.0,G,57408,11
361,57577,1269.7,-71.9,-1500.0,1500.0,H,57598,19
362,57671,752.8,-552.9,1800.0,-2800.0,F,57685,18
363,57744,-2000.0,2800.0,0.0,-970.0,B,58161,16
364,57817,-734.4,-400.6,-6000.0,1000.0,B,57838,12
365,57864,1269.7,-71.9,2900.0,900.0,H,57885,10
366,57959,2000.0,1500.0,1236.2,-357.1,M,58280,23
367,58026,1257.8,224.6,-3000.0,-2600.0,M,58040,6
368,58174,1500.0,-300.0,752.8,-552.9,H,58360,25
369,58195,-507.7,-861.5,-2000.0,2800.0,C,58265,24
370,58464,2900.0,900.0,1409.4,-79.8,H,58465,10
371,58500,1800.0,500.0,1257.8,224.6,H,58614,11
373,58572,-6000.0,4800.0,1395.6,249.2,B,59519,8
372,58612,-857.3,-467.6,1800.0,-2800.0,B,58647,9
375,58802,-1500.0,1500.0,1326.7,236.9,M,59095,27
374,58812,-2000.0,-500.0,1479.3,-83.7,B,59039,4
376,58879,2900.0,900.0,-543.2,-921.8,H,59120,19
377,58943,-1000.0,-1000.0,-401.1,-680.6,B,59058,0
378,58997,0.0,-1110.0,2900.0,900.0,D,59032,25
379,59039,1800.0,-2800.0,-365.5,-620.3,H,59040,18
380,59063,-1500.0,1500.0,696.4,-511.4,M,59356,3
381,59181,-578.8,-982.2,2900.0,900.0,C,59305,14
382,59257,-578.8,-982.2,-6000.0,1000.0,C,59306,16
383,59340,-507.7,-861.5,-2000.0,-500.0,C,59410,13
385,59558,2900.0,900.0,1395.6,249.2,H,59799,2
384,59559,-436.6,-740.9,-3000.0,-2600.0,C,59615,6
386,59717,2000.0,1500.0,1129.9,-64.0,M,60038,23
387,59857,564.4,-1095.6,-1500.0,1500.0,E,59906,26
388,59925,-401.1,-680.6,2900.0,900.0,C,59974,28
389,59938,-3000.0,-2600.0,0.0,-970.0,B,60310,12
390,59961,-1500.0,1500.0,1199.8,-67.9,M,60254,15
392,60060,2000.0,1500.0,0.0,-900.0,M,60408,4
391,60097,596.5,-1157.8,-6000.0,1000.0,E,60275,7
393,60196,1800.0,-2800.0,1034.9,-760.0,H,60197,9
394,60417,1188.9,212.3,-6000.0,1000.0,M,60424,27
395,60647,-2000.0,-500.0,372.1,-722.2,B,60874,24
396,60827,1800.0,-2800.0,1533.5,273.8,H,61401,25
397,60828,-1500.0,1500.0,0.0,-1250.0,M,61148,11
398,60850,0.0,-830.0,1800.0,500.0,D,60857,1
399,60900,-2000.0,2800.0,0.0,-1180.0,B,61317,13
400,60913,-1000.0,-1000.0,809.3,-594.3,B,61028,0
401,61049,978.5,-718.6,2900.0,900.0,F,61151,10
402,61226,532.3,-1033.4,2000.0,1500.0,E,61268,14
403,61228,2900.0,900.0,1303.5,-376.6,H,61469,19
404,61605,-2000.0,-500.0,1409.4,-79.8,B,61832,16
405,61622,-3000.0,-2600.0,-918.7,-501.1,B,62113,17
406,61650,0.0,-1180.0,-2000.0,-500.0,D,61728,26
407,61679,1395.6,249.2,2000.0,1500.0,M,61707,23
408,61690,1303.5,-376.6,-2000.0,-500.0,G,61758,2
409,61986,0.0,-1250.0,2900.0,900.0,D,62108,28
410,62297,1800.0,-2800.0,-611.5,-333.5,H,62741,10
412,62404,1034.5,-298.9,-6000.0,4800.0,G,62471,3
411,62446,922.1,-677.2,-6000.0,1000.0,F,62624,8
413,62466,-2000.0,2800.0,967.2,-279.4,B,62956,1
415,62473,-6000.0,1000.0,0.0,-1320.0,B,63217,25
416,62480,-2000.0,-500.0,1034.5,-298.9,B,62481,26
414,62505,-578.8,-982.2,1800.0,500.0,C,62589,9
417,62831,-3000.0,-2600.0,1303.5,-376.6,B,63203,12
418,63003,1034.9,-760.0,2900.0,900.0,F,63052,18
419,63093,1257.8,224.6,-1500.0,1500.0,M,63107,7
420,63209,-543.2,-921.8,-2000.0,2800.0,C,63420,11
421,63428,1257.8,224.6,1500.0,-300.0,M,63442,15
422,63516,-6000.0,1000.0,978.5,-718.6,B,64083,4
423,63574,-734.4,-400.6,-3000.0,-2600.0,B,63595,24
425,63672,1800.0,500.0,1199.8,-67.9,H,63786,19
424,63683,1129.9,-64.0,1500.0,-300.0,H,63690,2
426,63734,1395.6,249.2,-2000.0,-500.0,M,64055,7
427,63771,0.0,-1390.0,-1000.0,-1000.0,D,63870,26
428,63810,0.0,-1320.0,-3000.0,-2600.0,D,63902,14
429,63870,2900.0,900.0,1303.5,-376.6,H,64071,2
431,63915,-3000.0,-2600.0,-543.2,-921.8,B,64287,0
430,63921,564.4,-1095.6,-6000.0,1000.0,E,64006,5
432,64029,1800.0,500.0,809.3,-594.3,H,64170,15
433,64042,564.4,-1095.6,-2000.0,-500.0,E,64127,17
434,64208,2900.0,900.0,-436.6,-740.9,H,64449,19
435,64221,1800.0,500.0,-472.2,-801.2,H,64335,10
436,64429,-6000.0,1000.0,468.2,-908.9,B,64630,8
437,64599,1257.8,224.6,1800.0,-2800.0,M,64613,23
438,64706,2900.0,900.0,0.0,-1180.0,H,64973,6
439,64790,2900.0,900.0,564.4,-1095.6,H,65031,2
440,64946,468.2,-908.9,1800.0,500.0,E,65010,18
441,65070,0.0,-1390.0,-2000.0,2800.0,D,65206,12
442,65142,-734.4,-400.6,-2000.0,2800.0,B,65208,7
443,65142,-2000.0,2800.0,978.5,-718.6,B,65559,17
444,65242,1500.0,-300.0,0.0,-1460.0,H,65298,11
445,65359,2900.0,900.0,468.2,-908.9,H,65626,15
446,65434,-6000.0,1000.0,0.0,-1040.0,B,66001,16
447,65469,-3000.0,-2600.0,532.3,-1033.4,B,65841,9
448,65534,1129.9,-64.0,-2000.0,2800.0,H,65541,19
449,65587,-918.7,-501.1,1800.0,500.0,B,65629,13
451,65726,-436.6,-740.9,1500.0,-300.0,C,65782,21
450,65731,468.2,-908.9,2000.0,1500.0,E,65759,26
452,65915,-2000.0,-500.0,1101.7,-318.3,B,66142,0
454,66009,2000.0,1500.0,1199.8,-67.9,M,66330,6
453,66038,865.7,-635.7,2900.0,900.0,F,66130,8
455,66085,-6000.0,4800.0,-543.2,-921.8,B,67105,25
457,66130,-6000.0,4800.0,978.5,-718.6,B,67077,24
456,66133,809.3,-594.3,2000.0,1500.0,F,66154,22
458,66201,0.0,-1040.0,-2000.0,2800.0,D,66265,14
459,66484,2000.0,1500.0,468.2,-908.9,M,66805,3
461,66561,436.2,-846.7,2900.0,900.0,E,66691,7
460,66595,-6000.0,4800.0,0.0,-1460.0,B,67542,4
462,66598,1395.6,249.2,1800.0,500.0,M,66712,18
463,66936,1800.0,500.0,0.0,-1250.0,H,67180,5
465,67148,1101.7,-318.3,1500.0,-300.0,G,67326,13
464,67157,-365.5,-620.3,-6000.0,1000.0,C,67199,21
468,67395,1395.6,249.2,2900.0,900.0,M,67509,18
466,67402,1129.9,-64.0,2000.0,1500.0,H,67539,17
467,67421,2900.0,900.0,865.7,-635.7,H,67688,23
469,67496,1800.0,500.0,1303.5,-376.6,H,67740,1
470,67845,1464.5,261.5,-6000.0,4800.0,M,67880,19
471,67861,1800.0,500.0,1409.4,-79.8,H,68002,6
472,67935,-2000.0,2800.0,0.0,-900.0,B,68352,9
473,67989,1409.4,-79.8,-3000.0,-2600.0,H,68084,22
474,68075,1800.0,500.0,-611.5,-333.5,H,68189,11
475,68126,2900.0,900.0,1034.5,-298.9,H,68497,5
476,68178,1800.0,500.0,1101.7,-318.3,H,68387,26
477,68343,-2000.0,-500.0,404.1,-784.5,B,68570,16
478,68558,922.1,-677.2,1800.0,500.0,F,68593,18
479,68566,-734.4,-400.6,-1500.0,1500.0,B,68587,0
480,68581,0.0,-1390.0,-3000.0,-2600.0,D,68717,13
481,68715,1500.0,-300.0,0.0,-1180.0,H,68798,6
482,68782,-2000.0,2800.0,1034.9,-760.0,B,69199,12
484,68895,1236.2,-357.1,1500.0,-300.0,G,68983,3
483,68925,1034.9,-760.0,-2000.0,2800.0,F,69010,14
485,69000,1101.7,-318.3,-1500.0,1500.0,G,69178,8
486,69217,1800.0,-2800.0,-611.5,-333.5,H,69661,17
487,69242,-6000.0,1000.0,0.0,-1390.0,B,69917,26
488,69295,-1500.0,1500.0,752.8,-552.9,M,69615,3
489,69363,-1000.0,-1000.0,0.0,-1110.0,B,69513,16
490,69445,1129.9,-64.0,2900.0,900.0,H,69499,11
491,69521,-2000.0,2800.0,0.0,-1390.0,B,69938,9
492,69645,-611.5,-333.5,2900.0,900.0,B,69652,21
493,69706,1129.9,-64.0,-2000.0,-500.0,H,69843,5
495,69921,1800.0,-2800.0,1236.2,-357.1,H,70392,6
494,69942,-578.8,-982.2,2900.0,900.0,C,70030,1
496,69975,468.2,-908.9,-2000.0,-500.0,E,70039,18
497,70148,1800.0,500.0,0.0,-1180.0,H,70454,24
498,70192,1169.0,-337.7,2000.0,1500.0,G,70302,11
499,70262,1269.7,-71.9,1800.0,-2800.0,H,70343,22
500,70575,-578.8,-982.2,-2000.0,2800.0,C,70689,12
501,70668,1500.0,-300.0,1101.7,-318.3,H,70751,3
502,70765,372.1,-722.2,-1000.0,-1000.0,E,70772,14
504,70825,2000.0,1500.0,0.0,-970.0,M,71323,0
503,70854,-6000.0,1000.0,1269.7,-71.9,B,71421,16
505,71044,-2000.0,-500.0,1257.8,224.6,B,71114,19
506,71147,1500.0,-300.0,0.0,-1390.0,H,71203,17
508,71183,1500.0,-300.0,1199.8,-67.9,H,71298,18
507,71210,865.7,-635.7,1500.0,-300.0,F,71381,24
509,71410,1199.8,-67.9,-3000.0,-2600.0,H,71570,11
510,71591,1326.7,236.9,-3000.0,-2600.0,M,71612,6
511,71875,436.2,-846.7,2000.0,1500.0,E,71896,14
512,72055,0.0,-1320.0,1800.0,-2800.0,D,72184,13
513,72304,-6000.0,4800.0,500.3,-971.1,B,73251,24
514,72364,-3000.0,-2600.0,865.7,-635.7,B,72736,9
515,72411,1500.0,-300.0,1188.9,212.3,H,72467,17
516,72433,-611.5,-333.5,2000.0,1500.0,B,72440,21
517,72577,372.1,-722.2,-2000.0,-500.0,E,72584,26
518,72665,-2000.0,-500.0,1269.7,-71.9,B,72892,4
519,72975,-578.8,-982.2,-2000.0,-500.0,C,73059,0
520,73079,2900.0,900.0,-401.1,-680.6,H,73320,17
521,73085,-6000.0,4800.0,978.5,-718.6,B,74105,1
522,73208,1395.6,249.2,2900.0,900.0,M,73236,3
523,73260,-2000.0,-500.0,0.0,-900.0,B,73487,16
524,73480,1169.0,-337.7,-6000.0,4800.0,G,73542,18
525,73555,-6000.0,4800.0,0.0,-1250.0,B,74536,26
526,73762,-6000.0,1000.0,752.8,-552.9,B,74172,0
527,73953,1800.0,-2800.0,0.0,-970.0,H,74397,11
528,74241,865.7,-635.7,-1000.0,-1000.0,F,74269,22
529,74347,0.0,-1180.0,-1500.0,1500.0,D,74389,5
530,74742,-2000.0,2800.0,-543.2,-921.8,B,75159,13
531,75088,468.2,-908.9,-1000.0,-1000.0,E,75116,14
532,75134,696.4,-511.4,-2000.0,2800.0,F,75141,22
533,75222,-6000.0,1000.0,0.0,-1180.0,B,75789,9
534,75901,967.2,-279.4,2000.0,1500.0,G,75961,3
535,75928,0.0,-970.0,2900.0,900.0,D,76022,4
536,75934,-401.1,-680.6,-1500.0,1500.0,C,76127,6
537,76118,1199.8,-67.9,-3000.0,-2600.0,H,76132,19
538,76205,1800.0,-2800.0,532.3,-1033.4,H,76649,17
539,76431,-543.2,-921.8,-1500.0,1500.0,C,76508,13
540,76530,809.3,-594.3,-6000.0,1000.0,F,76587,14
541,76642,2000.0,1500.0,1269.7,-71.9,M,76990,11
542,76685,-1500.0,1500.0,436.2,-846.7,M,76978,7
544,76763,-1000.0,-1000.0,0.0,-1040.0,B,76878,21
543,76796,2900.0,900.0,0.0,-830.0,H,77143,22
545,77028,1339.6,-75.8,-6000.0,4800.0,H,77116,18
546,77741,1800.0,500.0,1188.9,212.3,H,77869,11
547,77921,-543.2,-921.8,-2000.0,2800.0,C,77998,24
548,77934,-401.1,-680.6,2000.0,1500.0,C,77987,5
549,78220,0.0,-1110.0,2000.0,1500.0,D,78255,1
550,78253,-3000.0,-2600.0,-507.7,-861.5,B,78625,16
551,78476,978.5,-718.6,2000.0,1500.0,F,78518,22
552,78647,-365.5,-620.3,2000.0,1500.0,C,78689,14
553,79160,2900.0,900.0,-734.4,-400.6,H,79401,19
554,79263,-3000.0,-2600.0,-734.4,-400.6,B,79635,12
555,79719,-734.4,-400.6,2000.0,1500.0,B,79740,21
556,80407,-578.8,-982.2,-6000.0,1000.0,C,80491,16
557,81016,2900.0,900.0,0.0,-1460.0,H,81283,6
558,81336,1500.0,-300.0,865.7,-635.7,H,81419,3
559,81858,1188.9,212.3,-6000.0,1000.0,M,81865,3
560,81961,1129.9,-64.0,-3000.0,-2600.0,H,81968,17
561,82489,1395.6,249.2,-2000.0,-500.0,M,82517,7
562,82695,1034.5,-298.9,-3000.0,-2600.0,G,82735,19
563,82850,1479.3,-83.7,1500.0,-300.0,H,82892,11
564,83160,-6000.0,1000.0,1236.2,-357.1,B,83727,4
565,83694,0.0,-900.0,1800.0,500.0,D,83708,5
566,84179,1188.9,212.3,-1500.0,1500.0,M,84186,6
567,85022,1101.7,-318.3,1500.0,-300.0,G,85112,26
568,85116,1500.0,-300.0,564.4,-1095.6,H,85172,11
569,85294,1800.0,-2800.0,532.3,-1033.4,H,85764,4
571,85865,-1000.0,-1000.0,1303.5,-376.6,B,85980,12
570,85896,-1000.0,-1000.0,1269.7,-71.9,B,86011,24
